mean,std,var,rms,zcr,min,max,peak_to_peak,median,iqr,energy,entropy_energy,skew,kurt,centroid,rolloff,bandwidth,flatness,contrast,entropy_spectral,label,filename
0.008289202,0.08898316,0.007918003,0.08936842,0.01873224431818182,-0.6568414,0.9999456,1.6567869,0.0,0.0,176.10706,234.44432,4.885885225205115,50.250576754875006,605.6658059691968,1204.8805930397727,755.5213648656704,0.64091474,15.67245992880867,-3880.0940286466057,buka,dataset48k/train\buka\buka48k-buka_0.wav.wav
0.022352777,0.12907904,0.0166614,0.13100018,0.030351118607954544,-0.6528821,0.9999978,1.65288,0.0,0.016812861897051334,378.40106,693.36475,2.274272608589515,12.11716526785595,789.7594943442854,1384.976473721591,1147.9083858153235,0.27746472,16.669738288090926,-5269.060896213222,buka,dataset48k/train\buka\buka48k-buka_1.wav.wav
0.02235529,0.1290852,0.016662989,0.13100667,0.030262340198863636,-0.65291697,0.999998,1.652915,0.0,0.016804407350718975,378.43863,693.4038,2.274226391840877,12.116863613811052,787.5354171068792,1381.5507368607955,1143.6208480239864,0.2774526,16.68684303846085,-5252.0015141761405,buka,dataset48k/train\buka\buka48k-buka_10.wav.wav
0.022768097,0.12847565,0.016505992,0.1304775,0.04417835582386364,-0.6602735,0.99999183,1.6602653,0.0,0.017138476949185133,375.38757,678.1463,2.394794668867866,12.654151232611108,812.5003500851443,1384.4870827414773,1159.7180225898617,0.23071352,17.035061321437322,-5443.84687598693,buka,dataset48k/train\buka\buka48k-buka_100.wav.wav
0.022701712,0.12848653,0.016508788,0.13047665,0.04433371803977273,-0.6608024,0.9999846,1.6607871,0.0,0.022010144777595997,375.38263,677.74646,2.395946767461199,12.666133665284626,816.3263869879323,1393.5408158735795,1165.2613926975728,0.23085222,17.11781116600119,-5473.316799511906,buka,dataset48k/train\buka\buka48k-buka_101.wav.wav
0.0228175,0.12850475,0.01651347,0.13051479,0.04433371803977273,-0.6603223,0.9999964,1.6603187,0.0,0.017290063202381134,375.6021,678.5765,2.394192381349023,12.646442518815558,811.3694932303301,1385.4658647017045,1156.5576318073242,0.23072854,17.101886354835802,-5435.139933977013,buka,dataset48k/train\buka\buka48k-buka_102.wav.wav
0.031821992,0.22210859,0.049332228,0.2243766,0.04221413352272727,-0.8967634,0.9999957,1.896759,0.0,0.06215773429721594,1110.1042,1493.4526,0.45088217638619704,4.099162657926013,916.158444038263,1757.8924005681818,1049.3834070893731,0.26013508,18.548495809672204,-6248.374038716153,buka,dataset48k/train\buka\buka48k-buka_103.wav.wav
0.022770781,0.12848869,0.016509345,0.13049081,0.04442249644886364,-0.6603241,0.9999923,1.6603165,0.0,0.022176252561621368,375.46417,678.23376,2.3947797337958225,12.653048996868485,812.6799780623977,1386.4446466619318,1158.7772480750514,0.23070456,17.07530432282985,-5445.23005216527,buka,dataset48k/train\buka\buka48k-buka_104.wav.wav
0.031770274,0.22210044,0.049328603,0.22436121,0.04221413352272727,-0.8968538,0.9999909,1.8968446,0.0,0.06205813609994948,1109.9519,1493.0083,0.4507923785112535,4.101020469394582,913.0547866450383,1746.6364080255682,1045.766616583165,0.25998533,18.61010706928723,-6224.108113361021,buka,dataset48k/train\buka\buka48k-buka_105.wav.wav
0.022558691,0.12836137,0.01647664,0.13032857,0.044000799005681816,-0.6606961,0.99997133,1.6606674,0.0,0.02177238999865949,374.531,676.32074,2.397730236791433,12.687939287658944,820.5804102370356,1410.1801091974432,1170.5466059284554,0.2307931,17.164642394692315,-5506.104323535089,buka,dataset48k/train\buka\buka48k-buka_106.wav.wav
0.022793509,0.12849608,0.016511241,0.13050205,0.044000799005681816,-0.66031265,0.99999404,1.6603067,0.0,0.017204103991389275,375.52875,678.3856,2.3945193177341246,12.650427580783925,811.1003423800572,1385.7105601917613,1155.1936665856142,0.23073621,17.096310371227855,-5433.067860633731,buka,dataset48k/train\buka\buka48k-buka_107.wav.wav
0.02280515,0.12849931,0.016512075,0.13050729,0.044267134232954544,-0.6602996,0.9999954,1.660295,0.0,0.02222218201495707,375.55896,678.491,2.3943294638241532,12.647868851673543,810.6704761201204,1383.50830078125,1154.9815626368534,0.2307199,17.099847752996777,-5429.758695684863,buka,dataset48k/train\buka\buka48k-buka_108.wav.wav
0.020856597,0.12516856,0.01566717,0.12689433,0.044111772017045456,-0.65665334,0.9999943,1.6566477,0.0,0.013425187906250358,355.05286,622.93396,2.543962332478628,14.368262270742214,1041.6088777772277,1837.9078258167613,1352.315898385883,0.20836958,16.508913417540498,-7237.641988714754,buka,dataset48k/train\buka\buka48k-buka_109.wav.wav
0.028020212,0.23430723,0.054899875,0.2359767,0.029130415482954544,-0.89755064,0.99999595,1.8975465,0.0,0.040115827694535255,1227.8542,1493.7727,0.310523689258819,4.097396232294791,860.7543524091168,1689.132967862216,1045.1366286728673,0.32784173,18.10242644067582,-5816.813646132994,buka,dataset48k/train\buka\buka48k-buka_11.wav.wav
0.033201482,0.22666736,0.051378094,0.22908607,0.04149280894886364,-0.88712066,0.9999906,1.8871112,0.0,0.08032077550888062,1157.1935,1501.2461,0.47751576435805054,4.402264997383947,888.5610436872863,1758.1370960582387,1059.6002762194528,0.22933874,19.507187830658978,-6032.977038401962,buka,dataset48k/train\buka\buka48k-buka_110.wav.wav
0.03327524,0.22670527,0.05139528,0.22913429,0.04140403053977273,-0.8870413,0.9999969,1.8870382,0.0,0.08055207692086697,1157.6805,1501.9891,0.4776078416191621,4.3993500814154425,889.735888869219,1760.0946599786932,1060.7992110263158,0.22941655,19.485921428240527,-6042.129392707526,buka,dataset48k/train\buka\buka48k-buka_111.wav.wav
0.020761186,0.1251295,0.015657395,0.12684014,0.044022993607954544,-0.65700686,0.99998474,1.6569916,0.0,0.013228229247033596,354.74966,622.2041,2.545372476129601,14.38477766781293,899.0664525701778,1553.082275390625,1255.1854595450654,0.20818883,16.8754152969084,-6114.871865754283,buka,dataset48k/train\buka\buka48k-buka_112.wav.wav
0.020676777,0.12507759,0.015644403,0.12677513,0.04428932883522727,-0.65673715,0.9999758,1.656713,0.0,0.012898406712338328,354.3861,621.45526,2.546734291530323,14.401966847566133,904.744111301483,1561.6466175426137,1265.6185089685996,0.20826727,16.890587075732157,-6159.183197917253,buka,dataset48k/train\buka\buka48k-buka_113.wav.wav
0.020795915,0.1251367,0.015659194,0.12685293,0.04420055042613636,-0.656847,0.99998856,1.6568356,0.0,0.013287034817039967,354.82123,622.4626,2.5447866778357615,14.378181043675763,899.1217278224536,1552.1034934303977,1257.1850671686013,0.20821212,16.86744903259991,-6115.303089426938,buka,dataset48k/train\buka\buka48k-buka_114.wav.wav
0.033151586,0.22667892,0.05138333,0.22909027,0.04141512784090909,-0.8876375,0.99998593,1.8876234,0.0,0.08026456879451871,1157.236,1500.825,0.47748732996843796,4.40435463599602,889.0249179079309,1759.8499644886363,1059.1478272015183,0.22937869,19.527604103506746,-6036.590555646761,buka,dataset48k/train\buka\buka48k-buka_115.wav.wav
0.03321413,0.22669972,0.051392764,0.22911993,0.041581587357954544,-0.88712794,0.99999136,1.8871193,0.0,0.0803892333060503,1157.5355,1501.4557,0.47754996838459923,4.401604510246692,893.6384184229922,1775.9998668323863,1065.0032968307967,0.22957096,19.486543973199705,-6072.542252548405,buka,dataset48k/train\buka\buka48k-buka_116.wav.wav
0.033108607,0.22668964,0.051388193,0.2290947,0.04150390625,-0.88736373,0.99998176,1.8873456,0.0,0.08008661260828376,1157.2805,1500.4739,0.4773476208120589,4.4060861966979505,893.3511485350366,1774.5316938920455,1065.385520891531,0.22948065,19.478969338144967,-6070.302943412676,buka,dataset48k/train\buka\buka48k-buka_117.wav.wav
0.033234093,0.226676,0.051382013,0.22909935,0.04140403053977273,-0.8869693,0.9999935,1.8869629,0.0,0.0804223301820457,1157.3275,1501.5623,0.47758483498574517,4.400888939147389,887.9311370934824,1756.179532137784,1058.047091214373,0.22936092,19.461919297594346,-6028.070539214213,buka,dataset48k/train\buka\buka48k-buka_118.wav.wav
0.020839062,0.1251715,0.015667904,0.12689433,0.04446688565340909,-0.6567599,0.9999924,1.6567523,0.0,0.013412483036518097,355.05286,622.8274,2.5443114253605557,14.371474290638329,898.5217347085684,1550.390625,1258.2142206308374,0.20824328,16.760769201774284,-6110.622492326378,buka,dataset48k/train\buka\buka48k-buka_119.wav.wav
0.028028259,0.23430832,0.054900385,0.23597874,0.029219193892045456,-0.89749354,0.9999969,1.8974905,0.0,0.04016845487058163,1227.8755,1493.8477,0.3105807904191243,4.097063429553429,863.5286790761769,1697.6973100142045,1047.9653289563316,0.32791594,18.11640832445791,-5838.34080917759,buka,dataset48k/train\buka\buka48k-buka_12.wav.wav
0.033107426,0.22661814,0.051355783,0.22902377,0.04141512784090909,-0.8872811,0.9999823,1.8872634,0.0,0.08022746443748474,1156.5641,1500.2742,0.47743565907523683,4.406192976360845,887.1304013395816,1754.4666637073863,1059.7570417985871,0.22916378,19.43828293264778,-6021.83405431168,buka,dataset48k/train\buka\buka48k-buka_120.wav.wav
0.029940132,0.20870352,0.043557156,0.21084017,0.036931818181818184,-0.8958048,0.99998367,1.8957884,0.0,0.066225083777681,980.20123,1328.2147,0.5279762697088359,5.431410817677916,933.3100498389751,1882.687100497159,1167.2024319570096,0.20630728,20.074955046162962,-6382.6624001723085,buka,dataset48k/train\buka\buka48k-buka_121.wav.wav
0.029968511,0.20867535,0.043545403,0.2108163,0.03702059659090909,-0.895522,0.99998665,1.8955086,0.0,0.06623719166964293,979.9794,1328.4366,0.5281032835401732,5.429557258850966,932.2073440493011,1878.77197265625,1167.7749283306593,0.20629187,20.107330279772572,-6374.019230670919,buka,dataset48k/train\buka\buka48k-buka_122.wav.wav
0.019428678,0.11747344,0.013800009,0.11906923,0.036909623579545456,-0.68425465,0.9999887,1.6842433,0.0,0.010553770698606968,312.61346,552.38666,2.7054189077184296,16.659042276014716,1047.6012591482793,1911.07177734375,1400.0177315625533,0.189965,17.097302958328807,-7285.289766784827,buka,dataset48k/train\buka\buka48k-buka_123.wav.wav
0.030068807,0.20865372,0.043536376,0.21080919,0.037109375,-0.89511216,0.99999565,1.8951077,0.0,0.0665550772100687,979.9133,1329.2451,0.5280532046640248,5.424588929209905,931.3119623329476,1877.7931906960227,1167.1014275791063,0.20623507,20.1413560411506,-6367.002057131483,buka,dataset48k/train\buka\buka48k-buka_124.wav.wav
0.019427892,0.11750361,0.013807099,0.11909887,0.03699840198863636,-0.6844462,0.999988,1.6844342,0.0,0.010540023213252425,312.76913,552.4697,2.70534557166644,16.660152234904615,1050.253424950506,1926.4875932173295,1400.9208896316238,0.19003712,17.24447087264071,-7306.389133024773,buka,dataset48k/train\buka\buka48k-buka_125.wav.wav
0.019427892,0.11750361,0.013807099,0.11909887,0.03699840198863636,-0.6844462,0.999988,1.6844342,0.0,0.010540023213252425,312.76913,552.4697,2.70534557166644,16.660152234904615,1050.253424950506,1926.4875932173295,1400.9208896316238,0.19003712,17.24447087264071,-7306.389133024773,buka,dataset48k/train\buka\buka48k-buka_126.wav.wav
0.019490642,0.11750908,0.013808385,0.11911452,0.036909623579545456,-0.68421274,0.99999493,1.6842077,0.0,0.010717466240748763,312.85132,552.87775,2.704351151552191,16.645922721532077,1049.1102436335848,1918.4126420454545,1402.8447077130982,0.18986616,17.293134367423765,-7297.293705436957,buka,dataset48k/train\buka\buka48k-buka_127.wav.wav
0.019472055,0.117508896,0.013808341,0.1191113,0.036820845170454544,-0.684172,0.9999931,1.684165,0.0,0.010661127045750618,312.8344,552.76514,2.7046776843306537,16.649859602210018,1045.9140047238384,1901.0392622514205,1398.9278439785392,0.18975078,17.130559266083306,-7271.8702687166615,buka,dataset48k/train\buka\buka48k-buka_128.wav.wav
0.019482244,0.1175042,0.013807237,0.119108334,0.03664328835227273,-0.68414617,0.99999434,1.6841404,0.0,0.010698191123083234,312.81882,552.8191,2.7045200654110357,16.64772123680744,1049.7782697195935,1922.8171608664773,1401.3554170409352,0.19004612,17.233794526104962,-7302.608531670199,buka,dataset48k/train\buka\buka48k-buka_129.wav.wav
0.02799302,0.23431894,0.054905366,0.23598512,0.029041637073863636,-0.8977678,0.99999297,1.8977607,0.0,0.040060984902083874,1227.9419,1493.5634,0.310354261627732,4.098376510144084,860.3907345090083,1689.132967862216,1045.2806232867945,0.32787618,18.072875013946017,-5813.992844671618,buka,dataset48k/train\buka\buka48k-buka_13.wav.wav
0.019516753,0.11751153,0.01380896,0.11912122,0.036820845170454544,-0.68414176,0.9999979,1.6841397,0.0,0.010808527935296297,312.88654,553.05426,2.703922374140441,16.63979909175607,1047.0048586178125,1911.3164728338068,1399.6265506957986,0.18988451,17.18090125386036,-7280.546012704508,buka,dataset48k/train\buka\buka48k-buka_130.wav.wav
0.030068213,0.20865671,0.043537624,0.21081205,0.03702059659090909,-0.89512634,0.9999955,1.8951218,0.0,0.06646675686351955,979.93994,1329.246,0.5280834001161758,5.424707351821928,930.3960593179589,1875.8356267755682,1166.711054739115,0.20620471,20.101833353932914,-6359.824947303232,buka,dataset48k/train\buka\buka48k-buka_131.wav.wav
0.019298406,0.117446996,0.013793796,0.11902195,0.035933061079545456,-0.68444026,0.99997395,1.6844141,0.0,0.01009967620484531,312.36526,551.4951,2.7069770274781804,16.686246455541195,1058.1853597987865,1957.5639204545455,1403.8499243696,0.19063045,17.071595363526033,-7369.531724749542,buka,dataset48k/train\buka\buka48k-buka_132.wav.wav
0.019505167,0.11750986,0.013808566,0.11911767,0.03699840198863636,-0.68418324,0.99999666,1.6841799,0.0,0.010777474846690893,312.86786,552.9775,2.7041063872490945,16.64247538104419,1046.863356147331,1907.156649502841,1400.0138148646417,0.18988603,17.162752884501923,-7279.4205556450415,buka,dataset48k/train\buka\buka48k-buka_133.wav.wav
0.01718989,0.119886026,0.01437266,0.121112145,0.034612482244318184,-0.66242105,0.9999954,1.6624165,0.0,0.006097524892538786,323.43277,519.58563,2.9491335560229484,18.914583956245174,1035.649529830588,1975.1819957386363,1373.0379075486387,0.23895745,16.841091756140017,-7190.291061866999,buka,dataset48k/train\buka\buka48k-buka_134.wav.wav
0.01704114,0.11985823,0.014365995,0.121063605,0.035233931107954544,-0.6628596,0.99997634,1.662836,0.0,0.005578500917181373,323.17352,518.5624,2.951589219577873,18.952387601756328,1089.1145073999876,2157.235440340909,1429.4480893977607,0.24071607,16.870086788876968,-7616.308734273749,buka,dataset48k/train\buka\buka48k-buka_135.wav.wav
0.027270146,0.20051372,0.040205754,0.20235962,0.03513405539772727,-0.8911912,0.9999225,1.8911138,0.0,0.04610951186623424,902.93463,1200.5856,0.6074802512116012,6.374356575255122,1031.1055907825157,2045.8989923650568,1209.118879795259,0.2746867,19.035226028403443,-7154.209518098889,buka,dataset48k/train\buka\buka48k-buka_136.wav.wav
0.02778312,0.2003769,0.040150903,0.20229387,0.03469016335227273,-0.88926524,0.99998325,1.8892485,0.0,0.047629078733734787,902.34796,1205.4012,0.6096041912141849,6.337516552172152,913.39932978988,1827.3859197443182,1132.2081905534492,0.2550523,19.272297097158003,-6226.801401797059,buka,dataset48k/train\buka\buka48k-buka_137.wav.wav
0.027705187,0.20046961,0.040188067,0.20237502,0.03467906605113636,-0.89050496,0.9999735,1.8904784,0.0,0.04749105533119291,903.072,1204.8102,0.6093519958329752,6.343773895379298,914.4434765291778,1829.3434836647727,1136.2991590887993,0.25483224,19.29771591705189,-6234.964274247537,buka,dataset48k/train\buka\buka48k-buka_138.wav.wav
0.017129367,0.11986059,0.014366562,0.12107839,0.03443492542613636,-0.66262245,0.99998814,1.6626105,0.0,0.005919113522395492,323.25247,519.1447,2.9500650475956616,18.92917879727463,1034.4843907366337,1972.2456498579545,1372.5593721728915,0.23874211,16.84704885655701,-7181.037269283078,buka,dataset48k/train\buka\buka48k-buka_139.wav.wav
0.027386887,0.23410203,0.05480376,0.23569854,0.028353604403409092,-0.89891076,0.99992484,1.8988357,0.0,0.038372984156012535,1224.9613,1487.9285,0.3062792345763589,4.12113182810199,877.496555253645,1717.0282537286932,1080.1672189797982,0.3305456,17.913648654071057,-5946.858238260137,buka,dataset48k/train\buka\buka48k-buka_14.wav.wav
0.027892986,0.20044068,0.040176462,0.20237213,0.034856622869318184,-0.8890574,0.99999374,1.8890512,0.0,0.04799490165896714,903.04626,1206.5087,0.6099318540743919,6.331117560054151,973.8258158479614,1920.370205965909,1143.3622463085337,0.27152112,19.452330986602487,-6701.121808378976,buka,dataset48k/train\buka\buka48k-buka_140.wav.wav
0.016857028,0.11966982,0.014320864,0.12085125,0.03443492542613636,-0.66142803,0.99995303,1.661381,0.0,0.0,322.04077,516.7884,2.9546212886316403,19.003183581119135,1081.238741696737,2079.177579012784,1403.2198542834324,0.24414505,16.814753660815153,-7553.385336906488,buka,dataset48k/train\buka\buka48k-buka_141.wav.wav
0.017163044,0.119869575,0.014368715,0.12109205,0.03452370383522727,-0.6626155,0.9999923,1.6626078,0.0,0.006012982223182917,323.32544,519.3723,2.9495200988183825,18.921339347673474,1037.5328374108205,1979.3418190696023,1375.3400957347815,0.23900732,16.87110709245507,-7205.251478662765,buka,dataset48k/train\buka\buka48k-buka_142.wav.wav
0.017142853,0.11988379,0.0143721225,0.12110326,0.034346147017045456,-0.6626019,0.99998975,1.6625917,0.0,0.005944129079580307,323.38528,519.2918,2.9499654314590527,18.926489232555607,1032.1508862836126,1962.4578302556818,1367.8230443913972,0.2386925,16.862376551275325,-7162.508007867239,buka,dataset48k/train\buka\buka48k-buka_143.wav.wav
0.026270345,0.1993303,0.039732568,0.20105396,0.03504527698863636,-0.8915412,0.99980664,1.8913479,0.0,0.043441727524623275,891.3205,1187.3972,0.602086245065439,6.446244778781219,1070.939425531303,2189.535245028409,1348.14121202442,0.26018667,18.806296220967265,-7471.1856221160715,buka,dataset48k/train\buka\buka48k-buka_144.wav.wav
0.0279094,0.20039825,0.040159456,0.20233238,0.034856622869318184,-0.88891685,0.99999595,1.8889128,0.0,0.04808702424634248,902.6916,1206.572,0.6100303588398581,6.329828738194886,976.5424858905411,1926.4875932173295,1144.9061929496147,0.27165148,19.41168501667308,-6722.536302296794,buka,dataset48k/train\buka\buka48k-buka_145.wav.wav
0.027589845,0.20044525,0.0401783,0.20233512,0.03469016335227273,-0.8905326,0.9999613,1.8904939,0.0,0.04721720004454255,902.71594,1203.6777,0.6092387425924153,6.350685825507375,920.9308081600888,1864.5796342329545,1143.4417108306986,0.255134,19.312465029086116,-6285.707238012226,buka,dataset48k/train\buka\buka48k-buka_146.wav.wav
0.027893117,0.2004053,0.040162284,0.20233712,0.034867720170454544,-0.88901323,0.9999942,1.8890074,0.0,0.04804178199265152,902.73376,1206.4475,0.6100036029071211,6.330797503268775,974.7866471775374,1921.3489879261363,1143.8773560127831,0.27161705,19.43348766359971,-6708.694817285578,buka,dataset48k/train\buka\buka48k-buka_147.wav.wav
0.025585927,0.19708332,0.038841836,0.1987372,0.031238902698863636,-0.87814057,0.999994,1.8781345,0.0,0.03247396368533373,870.89734,1113.1826,0.7305274457095542,7.158405345408953,932.5175071112734,1844.2699085582387,1082.2286667096114,0.31557795,18.146871013438265,-6376.450202402232,buka,dataset48k/train\buka\buka48k-buka_148.wav.wav
0.025417585,0.19700095,0.038809374,0.19863391,0.031327681107954544,-0.87844765,0.99997616,1.8784238,0.0,0.03202525805681944,869.99225,1111.5494,0.7297183005079526,7.169931095740571,979.2184894729543,1938.9670632102273,1107.4139166380817,0.32501382,18.01279859655204,-6743.637626558393,buka,dataset48k/train\buka\buka48k-buka_149.wav.wav
0.028028259,0.23430832,0.054900385,0.23597874,0.029219193892045456,-0.89749354,0.9999969,1.8974905,0.0,0.04016845487058163,1227.8755,1493.8477,0.3105807904191243,4.097063429553429,863.5286790761769,1697.6973100142045,1047.9653289563316,0.32791594,18.11640832445791,-5838.34080917759,buka,dataset48k/train\buka\buka48k-buka_15.wav.wav
0.027727256,0.23422346,0.05486063,0.23585892,0.028797496448863636,-0.8980853,0.99996454,1.8980498,0.0,0.03918188996613026,1226.6289,1491.0879,0.3089544731767277,4.108150451239528,868.172517702716,1709.197998046875,1057.463981017108,0.33036816,18.03966508648025,-5874.394231021731,buka,dataset48k/train\buka\buka48k-buka_16.wav.wav
0.027986651,0.23435552,0.05492251,0.2360207,0.028975053267045456,-0.8979359,0.99999183,1.8979278,0.0,0.04007955081760883,1228.3121,1493.5565,0.3102859826440606,4.098810336535347,859.7534396038637,1686.6860129616477,1045.0064235074938,0.32787782,18.05376285489684,-5809.049337777783,buka,dataset48k/train\buka\buka48k-buka_17.wav.wav
0.028014857,0.23429401,0.054893684,0.23596297,0.029219193892045456,-0.8974396,0.99999565,1.8974352,0.0,0.0401246165856719,1227.7114,1493.7148,0.3105103306349238,4.097478581645273,865.2339274928585,1701.3677423650568,1049.3686224526782,0.3279827,18.0846612952233,-5851.576970975776,buka,dataset48k/train\buka\buka48k-buka_18.wav.wav
0.022321163,0.1290824,0.016662264,0.13099808,0.030506480823863636,-0.65293103,0.99999446,1.6529255,0.0,0.016687711235135794,378.38895,693.171,2.274777221571643,12.1225627497982,790.539843878529,1387.1787331321023,1147.4627327673866,0.2775188,16.72753673963391,-5275.047911343985,buka,dataset48k/train\buka\buka48k-buka_19.wav.wav
0.02231795,0.12908314,0.016662458,0.13099828,0.030373313210227272,-0.65295166,0.9999941,1.6529458,0.0,0.016652719117701054,378.3901,693.16455,2.2747310573333954,12.122387235704716,790.6585426266233,1389.8703835227273,1147.4501571567228,0.27748558,16.70274147101277,-5275.9586620454465,buka,dataset48k/train\buka\buka48k-buka_2.wav.wav
0.02214378,0.12896384,0.016631674,0.13085113,0.030550870028409092,-0.6533166,0.9999759,1.6532925,0.0,0.01613798551261425,377.54056,691.50964,2.276919116460326,12.150584054782843,803.210280909114,1437.0966131036932,1158.8573258294164,0.27793607,16.65000083684044,-5372.365577048727,buka,dataset48k/train\buka\buka48k-buka_20.wav.wav
0.02697123,0.23385778,0.05468946,0.23540796,0.027998490767045456,-0.8967288,0.99987465,1.8966035,0.0,0.03700473066419363,1221.9429,1483.4531,0.30391359083547537,4.138608721748476,884.3824046574059,1731.954678622159,1117.8826610991712,0.32941228,17.967177001175013,-6000.436938707038,buka,dataset48k/train\buka\buka48k-buka_21.wav.wav
0.028028259,0.23430832,0.054900385,0.23597874,0.029219193892045456,-0.89749354,0.9999969,1.8974905,0.0,0.04016845487058163,1227.8755,1493.8477,0.3105807904191243,4.097063429553429,863.5286790761769,1697.6973100142045,1047.9653289563316,0.32791594,18.11640832445791,-5838.34080917759,buka,dataset48k/train\buka\buka48k-buka_22.wav.wav
0.02235488,0.12908386,0.01666264,0.13100527,0.030351118607954544,-0.6528966,0.999998,1.6528945,0.0,0.01679099351167679,378.4305,693.4022,2.274251588483763,12.11671573033657,789.9923618882041,1386.199951171875,1147.532290594566,0.27749708,16.681113030390737,-5270.847427105829,buka,dataset48k/train\buka\buka48k-buka_23.wav.wav
0.02697123,0.23385778,0.05468946,0.23540796,0.027998490767045456,-0.8967288,0.99987465,1.8966035,0.0,0.03700473066419363,1221.9429,1483.4531,0.30391359083547537,4.138608721748476,884.3824046574059,1731.954678622159,1117.8826610991712,0.32941228,17.967177001175013,-6000.436938707038,buka,dataset48k/train\buka\buka48k-buka_24.wav.wav
0.022345392,0.12907965,0.016661556,0.1309995,0.030439897017045456,-0.65289617,0.9999969,1.6528931,0.0,0.01678456086665392,378.39725,693.31616,2.2743921370195634,12.118573856148867,792.3938396910008,1398.434725674716,1150.3457815728334,0.27754506,16.645764232243412,-5289.27526711071,buka,dataset48k/train\buka\buka48k-buka_25.wav.wav
0.02799839,0.23430985,0.054901104,0.23597671,0.029041637073863636,-0.89754766,0.99999374,1.8975414,0.0,0.040075814351439476,1227.8545,1493.5868,0.3104260556648007,4.098254384448296,859.8425584299416,1686.9307084517045,1044.8194249942944,0.32781333,18.066449200789,-5809.7406055511165,buka,dataset48k/train\buka\buka48k-buka_26.wav.wav
0.022338962,0.12908573,0.016663129,0.13100442,0.030506480823863636,-0.6529528,0.9999961,1.6529489,0.0,0.016732979100197554,378.4256,693.307,2.2744582282691774,12.119296847262344,792.1786666742839,1398.190030184659,1149.6137177009764,0.27754065,16.72803810452346,-5287.623830828614,buka,dataset48k/train\buka\buka48k-buka_27.wav.wav
0.0,0.0,0.0,0.0,0.0,0.0,0.0,0.0,0.0,0.0,0.0,-0.0,,,0.0,0.0,0.0,1.0000007,0.0,-0.0,buka,dataset48k/train\buka\buka48k-buka_28.wav.wav
0.022300014,0.12904403,0.016652362,0.13095668,0.030417702414772728,-0.6528467,0.9999926,1.6528393,0.0,0.016618359368294477,378.14984,692.8784,2.2748897637358705,12.125296348057464,795.6321292136447,1402.1051580255682,1157.0785315837131,0.277589,16.641309295839832,-5314.135936759438,buka,dataset48k/train\buka\buka48k-buka_29.wav.wav
0.027974566,0.23429951,0.054896258,0.23596363,0.029063831676136364,-0.8975418,0.99999136,1.8975332,0.0,0.04002098273485899,1227.7183,1493.3868,0.3103147475996528,4.0989861414715625,864.3765755290534,1700.3889604048295,1048.5106139223617,0.32807916,18.02055706350839,-5844.921772671953,buka,dataset48k/train\buka\buka48k-buka_3.wav.wav
0.027967924,0.23425177,0.054873887,0.23591544,0.029130415482954544,-0.8975416,0.9999911,1.8975327,0.0,0.040024819783866405,1227.2168,1493.2551,0.3103079263417214,4.099046065834334,861.8521788231787,1693.5374866832387,1046.041129802642,0.32793248,18.100660400020548,-5825.331073742115,buka,dataset48k/train\buka\buka48k-buka_30.wav.wav
0.02784418,0.23423706,0.054867003,0.2358862,0.028886274857954544,-0.8976106,0.9999777,1.8975883,0.0,0.03961343877017498,1226.9127,1492.1411,0.309692290231353,4.103818023800607,872.1142833876637,1710.666170987216,1051.5954090837645,0.3315263,18.04087325060119,-5905.016457277419,buka,dataset48k/train\buka\buka48k-buka_31.wav.wav
0.026552651,0.23414685,0.054824743,0.2356476,0.028797496448863636,-0.9032461,0.99981135,1.9030575,0.0,0.03551781456917524,1224.4319,1479.7971,0.2996428426398516,4.157365224038987,963.3964773797273,1896.6347434303977,1217.6033733723712,0.33452126,17.657886440094508,-6618.981815322406,buka,dataset48k/train\buka\buka48k-buka_32.wav.wav
0.027948271,0.23427866,0.05488649,0.23593983,0.028886274857954544,-0.89753354,0.9999885,1.897522,0.0,0.03996680211275816,1227.4706,1493.1074,0.31016701552691883,4.099985247098352,861.4904777634162,1694.516268643466,1044.9388017042713,0.3278499,18.033866756074485,-5822.524680829584,buka,dataset48k/train\buka\buka48k-buka_33.wav.wav
0.022329092,0.1290726,0.016659738,0.13098979,0.0303955078125,-0.65289414,0.99999535,1.6528895,0.0,0.016715779900550842,378.3411,693.1826,2.274597245703919,12.12087697152202,790.8808047256348,1387.668124112216,1148.7529675499236,0.27752396,16.688647786776414,-5277.6640806288415,buka,dataset48k/train\buka\buka48k-buka_34.wav.wav
0.027847249,0.23422755,0.054862544,0.23587711,0.028886274857954544,-0.8984454,0.9999783,1.8984237,0.0,0.03965362999588251,1226.8181,1492.1912,0.3096232930343889,4.103326120395503,873.1900833737783,1717.5176447088068,1051.2837191298515,0.3314378,18.012276210437573,-5913.377076671693,buka,dataset48k/train\buka\buka48k-buka_35.wav.wav
0.027929865,0.23432,0.054905865,0.23597866,0.028975053267045456,-0.8978189,0.9999863,1.8978052,0.0,0.039879524149000645,1227.8748,1493.0378,0.310139341241271,4.100599644699082,866.7017151813433,1705.7722611860795,1047.809246612765,0.3291848,18.00709872491764,-5862.972650942887,buka,dataset48k/train\buka\buka48k-buka_36.wav.wav
0.022324517,0.1290552,0.016655244,0.13097185,0.0303955078125,-0.6527484,0.9999952,1.6527436,0.0,0.016705899965018034,378.23746,693.09235,2.27455354529306,12.120939438421269,790.8438296594893,1387.668124112216,1149.298924263903,0.2775023,16.696328806772478,-5277.380366365436,buka,dataset48k/train\buka\buka48k-buka_37.wav.wav
0.027927347,0.2343129,0.05490254,0.23597135,0.028886274857954544,-0.8978108,0.99998593,1.8977968,0.0,0.03984459210187197,1227.7986,1492.9972,0.3100401862030247,4.100756943452879,864.0067287873994,1699.4101784446023,1048.6099133616624,0.32907683,18.152157933382917,-5842.051098245953,buka,dataset48k/train\buka\buka48k-buka_38.wav.wav
0.028018719,0.23430866,0.054900546,0.23597795,0.029130415482954544,-0.8975239,0.9999959,1.8975198,0.0,0.04014565050601959,1227.8673,1493.7646,0.3105141992272165,4.097449040858586,862.5458105152317,1696.2291370738637,1046.527402267678,0.3278809,18.082175176800572,-5830.7132991938515,buka,dataset48k/train\buka\buka48k-buka_39.wav.wav
0.0,0.0,0.0,0.0,0.0,0.0,0.0,0.0,0.0,0.0,0.0,-0.0,,,0.0,0.0,0.0,1.0000007,0.0,-0.0,buka,dataset48k/train\buka\buka48k-buka_4.wav.wav
0.02232422,0.12906744,0.016658401,0.13098386,0.030351118607954544,-0.65283144,0.99999493,1.6528263,0.0,0.016709869261831045,378.30682,693.1325,2.2746467891466473,12.121732626835776,791.4273541463631,1392.0726429332387,1146.9559527983351,0.2775983,16.677139873820995,-5281.858023629703,buka,dataset48k/train\buka\buka48k-buka_40.wav.wav
0.0,0.0,0.0,0.0,0.0,0.0,0.0,0.0,0.0,0.0,0.0,-0.0,,,0.0,0.0,0.0,1.0000007,0.0,-0.0,buka,dataset48k/train\buka\buka48k-buka_41.wav.wav
0.022294391,0.1290516,0.016654313,0.13096318,0.03046209161931818,-0.652902,0.99999195,1.652894,0.0,0.016603650525212288,378.18732,692.87756,2.274969017366179,12.125954795782546,790.5049506076797,1389.1362970525568,1146.9869935274319,0.27754307,16.66337969878959,-5274.780185954477,buka,dataset48k/train\buka\buka48k-buka_42.wav.wav
0.022347337,0.12907596,0.016660603,0.13099621,0.030439897017045456,-0.65286016,0.99999726,1.6528574,0.0,0.016776126343756914,378.3781,693.3215,2.2743256290969107,12.117850388403523,789.5319078583914,1385.4658647017045,1146.6465418812024,0.27748907,16.737581188041332,-5267.314947287085,buka,dataset48k/train\buka\buka48k-buka_43.wav.wav
0.02799302,0.23431894,0.054905366,0.23598512,0.029041637073863636,-0.8977678,0.99999297,1.8977607,0.0,0.040060984902083874,1227.9419,1493.5634,0.310354261627732,4.098376510144084,860.3907345090083,1689.132967862216,1045.2806232867945,0.32787618,18.072875013946017,-5813.992844671618,buka,dataset48k/train\buka\buka48k-buka_44.wav.wav
0.022183536,0.12904124,0.01665164,0.13093415,0.030506480823863636,-0.65386254,0.99997914,1.6538417,0.0,0.016193503979593515,378.01968,692.08704,2.2764477995009966,12.145329654869737,800.6928849066499,1418.499755859375,1158.6846878106949,0.27765638,16.695539497041953,-5353.0142335832525,buka,dataset48k/train\buka\buka48k-buka_45.wav.wav
0.02234181,0.12908255,0.016662303,0.13100176,0.030528675426136364,-0.652933,0.99999654,1.6529295,0.0,0.01673891069367528,378.41016,693.30804,2.2744279997513748,12.11901143615511,791.9842825898005,1396.966552734375,1149.3881844443158,0.27752498,16.670207898865723,-5286.131998243489,buka,dataset48k/train\buka\buka48k-buka_46.wav.wav
0.028006926,0.23431493,0.054903485,0.23598279,0.029219193892045456,-0.8974968,0.9999946,1.8974915,0.0,0.04011892341077328,1227.9176,1493.6729,0.3104541174285081,4.097860091515239,863.6507786512043,1697.9420055042613,1047.8123030340685,0.32796997,18.061408872117326,-5839.288435921247,buka,dataset48k/train\buka\buka48k-buka_47.wav.wav
0.027984744,0.23428625,0.054890048,0.23595168,0.029130415482954544,-0.8975564,0.9999923,1.8975487,0.0,0.040107397362589836,1227.5939,1493.4213,0.3102992634920232,4.09876879050856,861.0939245579768,1690.1117498224432,1045.9202714841742,0.3279382,18.05524637198037,-5819.448049032171,buka,dataset48k/train\buka\buka48k-buka_48.wav.wav
0.025443293,0.23477277,0.055118255,0.23614743,0.027021928267045456,-0.9090116,0.9996191,1.9086307,0.0,0.03169413190335035,1229.6317,1468.3368,0.2895805320030006,4.215395901919979,1031.4867362510736,1998.1833718039773,1324.009022408618,0.3391937,17.400434185467418,-7157.235268727481,buka,dataset48k/train\buka\buka48k-buka_49.wav.wav
0.022211818,0.1290271,0.016647993,0.130925,0.030617453835227272,-0.65286535,0.99998295,1.6528482,0.0,0.016351375728845596,377.96692,692.2127,2.2763072913913476,12.140870458482915,801.4941369336376,1431.7133123224432,1156.6874213617068,0.27788034,16.65020635607926,-5359.172638747721,buka,dataset48k/train\buka\buka48k-buka_5.wav.wav
0.027789747,0.23438607,0.054936834,0.23602775,0.028797496448863636,-0.898626,0.9999702,1.8985963,0.0,0.039415840059518814,1228.3856,1491.9066,0.3090089504901239,4.106373594572844,876.1834627381945,1724.8585094105113,1059.613687150759,0.33158985,18.03282556845197,-5936.647204823963,buka,dataset48k/train\buka\buka48k-buka_50.wav.wav
0.020733716,0.12778664,0.016329423,0.12945774,0.029552112926136364,-0.65868664,0.9997433,1.6584299,0.0,0.011207261122763157,369.54276,673.8217,2.3015094581801376,12.509333509837344,1014.5236946694121,1957.5639204545455,1449.4929734242216,0.28278092,16.181220005840494,-7022.710064104681,buka,dataset48k/train\buka\buka48k-buka_51.wav.wav
0.027789747,0.23438607,0.054936834,0.23602775,0.028797496448863636,-0.898626,0.9999702,1.8985963,0.0,0.039415840059518814,1228.3856,1491.9066,0.3090089504901239,4.106373594572844,876.1834627381945,1724.8585094105113,1059.613687150759,0.33158985,18.03282556845197,-5936.647204823963,buka,dataset48k/train\buka\buka48k-buka_52.wav.wav
0.02801315,0.23430997,0.05490116,0.23597859,0.029219193892045456,-0.8976317,0.9999953,1.897627,0.0,0.04017094988375902,1227.874,1493.7107,0.3104831021094444,4.097671403011845,863.9506716359966,1698.431396484375,1047.8703834818282,0.32792595,18.094849949663423,-5841.616007968106,buka,dataset48k/train\buka\buka48k-buka_53.wav.wav
0.027956178,0.23426554,0.054880343,0.23592772,0.028975053267045456,-0.89739597,0.99998975,1.8973857,0.0,0.039943459443748,1227.3446,1493.2031,0.31026353150907815,4.0993932973310985,862.9558708261064,1696.4738325639205,1043.7548921134437,0.3280957,18.080597848085777,-5833.895418843894,buka,dataset48k/train\buka\buka48k-buka_54.wav.wav
0.02230979,0.12905611,0.01665548,0.13097025,0.03057306463068182,-0.65294445,0.9999936,1.6529381,0.0,0.016645619180053473,378.2282,692.9938,2.2748530080450986,12.123914187517292,791.3961350707506,1387.9128196022727,1148.9839826784237,0.27750424,16.716410153634154,-5281.618454113803,buka,dataset48k/train\buka\buka48k-buka_55.wav.wav
0.027878456,0.23425047,0.054873284,0.23590356,0.028797496448863636,-0.8982392,0.9999812,1.8982204,0.0,0.03969217464327812,1227.0933,1492.4738,0.30966502240294397,4.102501817011955,862.4677779126267,1696.7185280539773,1044.7523045113373,0.32986876,18.06505645491213,-5830.107778446737,buka,dataset48k/train\buka\buka48k-buka_56.wav.wav
0.027782196,0.23421326,0.054855853,0.23585525,0.028797496448863636,-0.89794004,0.9999711,1.8979111,0.0,0.03945218026638031,1226.5907,1491.565,0.30912656782765063,4.1061521110599335,873.8387897436849,1715.5600807883523,1055.8929357186653,0.33156487,18.01159344040008,-5918.4191629118395,buka,dataset48k/train\buka\buka48k-buka_57.wav.wav
0.0,0.0,0.0,0.0,0.0,0.0,0.0,0.0,0.0,0.0,0.0,-0.0,,,0.0,0.0,0.0,1.0000007,0.0,-0.0,buka,dataset48k/train\buka\buka48k-buka_58.wav.wav
0.027816145,0.23422979,0.05486359,0.23587567,0.028975053267045456,-0.89773977,0.99997425,1.897714,0.0,0.039492640644311905,1226.8031,1491.885,0.3094399175806525,4.104937496516167,868.6040207293906,1708.2192160866477,1054.330572345318,0.32910708,18.03699404612706,-5877.74555922242,buka,dataset48k/train\buka\buka48k-buka_59.wav.wav
0.022194607,0.12900108,0.016641278,0.13089645,0.030861594460227272,-0.65294003,0.9999814,1.6529214,0.0,0.016240933444350958,377.802,692.0167,2.2762266435176994,12.141805526052334,798.9044440777176,1419.723233309659,1155.4549949595423,0.27770725,16.666970530024763,-5339.2712107400575,buka,dataset48k/train\buka\buka48k-buka_6.wav.wav
0.028014857,0.23429401,0.054893684,0.23596297,0.029219193892045456,-0.8974396,0.99999565,1.8974352,0.0,0.0401246165856719,1227.7114,1493.7148,0.3105103306349238,4.097478581645273,865.2339274928585,1701.3677423650568,1049.3686224526782,0.3279827,18.0846612952233,-5851.576970975776,buka,dataset48k/train\buka\buka48k-buka_60.wav.wav
0.028016599,0.23431383,0.054902975,0.23598284,0.029130415482954544,-0.8975817,0.9999955,1.8975773,0.0,0.04011742305010557,1227.9182,1493.7456,0.3105034395571642,4.097608318377483,862.7499145469469,1696.963223544034,1047.099407473149,0.32790798,18.09602435644649,-5832.297147820252,buka,dataset48k/train\buka\buka48k-buka_61.wav.wav
0.027944474,0.23429695,0.054895062,0.23595752,0.029130415482954544,-0.89767337,0.99998814,1.8976614,0.0,0.03990355972200632,1227.6548,1493.1326,0.3101002706852556,4.099958658034698,858.9793288304282,1684.2390580610795,1043.838646288688,0.32781595,18.10631472136782,-5803.045183418651,buka,dataset48k/train\buka\buka48k-buka_62.wav.wav
0.02722025,0.23389943,0.054708946,0.23547798,0.028797496448863636,-0.8978044,0.99990606,1.8977104,0.0,0.037431186996400356,1222.6699,1485.9642,0.306039742459362,4.127701125822574,896.2240989874937,1768.414306640625,1111.5179010380618,0.3308524,17.860327648876446,-6092.702148599039,buka,dataset48k/train\buka\buka48k-buka_63.wav.wav
0.027974566,0.23429951,0.054896258,0.23596363,0.029063831676136364,-0.8975418,0.99999136,1.8975332,0.0,0.04002098273485899,1227.7183,1493.3868,0.3103147475996528,4.0989861414715625,864.3765755290534,1700.3889604048295,1048.5106139223617,0.32807916,18.02055706350839,-5844.921772671953,buka,dataset48k/train\buka\buka48k-buka_64.wav.wav
0.02235488,0.12908386,0.01666264,0.13100527,0.030351118607954544,-0.6528966,0.999998,1.6528945,0.0,0.01679099351167679,378.4305,693.4022,2.274251588483763,12.11671573033657,789.9923618882041,1386.199951171875,1147.532290594566,0.27749708,16.681113030390737,-5270.847427105829,buka,dataset48k/train\buka\buka48k-buka_65.wav.wav
0.02232422,0.12906744,0.016658401,0.13098386,0.030351118607954544,-0.65283144,0.99999493,1.6528263,0.0,0.016709869261831045,378.30682,693.1325,2.2746467891466473,12.121732626835776,791.4273541463631,1392.0726429332387,1146.9559527983351,0.2775983,16.677139873820995,-5281.858023629703,buka,dataset48k/train\buka\buka48k-buka_66.wav.wav
0.027913345,0.23433201,0.05491149,0.23598868,0.029063831676136364,-0.89841163,0.9999842,1.8983958,0.0,0.03986035380512476,1227.9789,1492.9021,0.3099620211826242,4.101328634594446,865.916292524221,1704.7934792258523,1048.0053208207664,0.329067,18.081687824764924,-5856.874439652845,buka,dataset48k/train\buka\buka48k-buka_67.wav.wav
0.028020212,0.23430723,0.054899875,0.2359767,0.029130415482954544,-0.89755064,0.99999595,1.8975465,0.0,0.040115827694535255,1227.8542,1493.7727,0.310523689258819,4.097396232294791,860.7543524091168,1689.132967862216,1045.1366286728673,0.32784173,18.10242644067582,-5816.813646132994,buka,dataset48k/train\buka\buka48k-buka_68.wav.wav
0.022245407,0.1290181,0.016645668,0.13092183,0.030772816051136364,-0.6528395,0.9999872,1.6528267,0.0,0.016461321618407965,377.94855,692.4259,2.2755310828463533,12.133294999128605,796.3652531609273,1406.9990678267045,1152.2473165314093,0.27770454,16.737144333179547,-5319.76603359677,buka,dataset48k/train\buka\buka48k-buka_69.wav.wav
0.022339743,0.12907627,0.016660685,0.13099523,0.030595259232954544,-0.652958,0.99999636,1.6529543,0.0,0.016724915709346533,378.37247,693.26776,2.2744019581403623,12.119201415531915,790.7455269035644,1386.6893421519887,1148.5387429579364,0.27749145,16.726177249559036,-5276.626085548222,buka,dataset48k/train\buka\buka48k-buka_7.wav.wav
0.022291834,0.12905173,0.016654348,0.13096288,0.030417702414772728,-0.6529993,0.9999917,1.652991,0.0,0.01661994820460677,378.18558,692.85516,2.2750794123182567,12.126672860412135,794.6699121662783,1400.3922895951705,1150.7533154029084,0.27763107,16.623639875918638,-5306.747522371511,buka,dataset48k/train\buka\buka48k-buka_70.wav.wav
0.028010981,0.23429921,0.05489612,0.23596767,0.029130415482954544,-0.8976545,0.9999952,1.8976496,0.0,0.04010040033608675,1227.7603,1493.6866,0.31046797351582006,4.097700946994381,864.1385855757301,1699.654873934659,1048.2524254787543,0.32796475,18.093366938253993,-5843.074525391407,buka,dataset48k/train\buka\buka48k-buka_71.wav.wav
0.022294391,0.1290516,0.016654313,0.13096318,0.03046209161931818,-0.652902,0.99999195,1.652894,0.0,0.016603650525212288,378.18732,692.87756,2.274969017366179,12.125954795782546,790.5049506076797,1389.1362970525568,1146.9869935274319,0.27754307,16.66337969878959,-5274.780185954477,buka,dataset48k/train\buka\buka48k-buka_72.wav.wav
0.022321163,0.1290824,0.016662264,0.13099808,0.030506480823863636,-0.65293103,0.99999446,1.6529255,0.0,0.016687711235135794,378.38895,693.171,2.274777221571643,12.1225627497982,790.539843878529,1387.1787331321023,1147.4627327673866,0.2775188,16.72753673963391,-5275.047911343985,buka,dataset48k/train\buka\buka48k-buka_73.wav.wav
0.027883848,0.23428221,0.054888155,0.2359357,0.028975053267045456,-0.89781964,0.99998176,1.8978014,0.0,0.039704835042357445,1227.4277,1492.5973,0.30983575634161226,4.102188869089869,871.2237187044469,1722.4115545099432,1056.1037010965879,0.3289453,18.080525959239278,-5898.096404804526,buka,dataset48k/train\buka\buka48k-buka_74.wav.wav
0.022274734,0.12905905,0.016656237,0.13096717,0.030506480823863636,-0.6531717,0.99998957,1.6531613,0.0,0.01647781953215599,378.21045,692.765,2.275258704594522,12.130287081893474,794.783652992627,1404.3074174360795,1149.1963378979883,0.27768624,16.685874264179912,-5307.620824252527,buka,dataset48k/train\buka\buka48k-buka_75.wav.wav
0.02793674,0.23425883,0.054877203,0.23591878,0.028886274857954544,-0.8977994,0.9999878,1.8977871,0.0,0.039847481064498425,1227.2516,1493.0391,0.3101620808752979,4.099928772577694,862.1662955759468,1693.2927911931818,1045.248452225554,0.32899722,18.116620039480402,-5827.768389175957,buka,dataset48k/train\buka\buka48k-buka_76.wav.wav
0.022192731,0.12896667,0.016632404,0.13086222,0.031327681107954544,-0.6529163,0.99998194,1.6528983,0.0,0.01627419237047434,377.6045,691.8425,2.27632024432574,12.142672191947161,829.6234571407985,1528.857421875,1203.8385414192046,0.27807048,16.709909058908167,-5575.875969371031,buka,dataset48k/train\buka\buka48k-buka_77.wav.wav
0.027984744,0.23428625,0.054890048,0.23595168,0.029130415482954544,-0.8975564,0.9999923,1.8975487,0.0,0.040107397362589836,1227.5939,1493.4213,0.3102992634920232,4.09876879050856,861.0939245579768,1690.1117498224432,1045.9202714841742,0.3279382,18.05524637198037,-5819.448049032171,buka,dataset48k/train\buka\buka48k-buka_78.wav.wav
0.022143219,0.12897186,0.016633742,0.13085894,0.03095037286931818,-0.65333796,0.9999752,1.6533132,0.0,0.016076193656772375,377.58557,691.4697,2.2770824116817634,12.153191533620683,804.6832690949469,1440.7670454545455,1159.6960470945376,0.27794433,16.658734119200854,-5383.692168204577,buka,dataset48k/train\buka\buka48k-buka_79.wav.wav
0.028013451,0.23430161,0.054897245,0.23597032,0.029219193892045456,-0.89749724,0.9999954,1.8974926,0.0,0.04010831285268068,1227.788,1493.7166,0.31048355456075266,4.097560842333504,863.6691249276955,1699.1654829545455,1047.841454862017,0.32793006,18.082054632053804,-5839.430824659225,buka,dataset48k/train\buka\buka48k-buka_8.wav.wav
0.028023219,0.23432088,0.054906275,0.23599063,0.029130415482954544,-0.897624,0.9999962,1.8976202,0.0,0.04013785161077976,1227.9993,1493.8119,0.310547178418773,4.097310471300364,863.1039058785299,1696.963223544034,1047.68156643456,0.32794827,18.08945137792268,-5835.044237366156,buka,dataset48k/train\buka\buka48k-buka_80.wav.wav
0.027956355,0.2343073,0.054899912,0.23596923,0.029063831676136364,-0.8977075,0.99998915,1.8976967,0.0,0.03999510779976845,1227.7766,1493.22,0.31020701841780446,4.099744261311259,864.4912207681616,1698.9207874644887,1047.9411417841884,0.32807863,18.095609528828863,-5845.811657597838,buka,dataset48k/train\buka\buka48k-buka_81.wav.wav
0.027972842,0.23433824,0.054914407,0.23600188,0.029130415482954544,-0.8977848,0.9999906,1.8977754,0.0,0.0400203512981534,1228.1163,1493.4186,0.3102746509874945,4.0992586083623115,861.7151418847502,1691.0905317826705,1045.2150577359887,0.3279877,18.110903169320785,-5824.267803552517,buka,dataset48k/train\buka\buka48k-buka_82.wav.wav
0.027929865,0.23432,0.054905865,0.23597866,0.028975053267045456,-0.8978189,0.9999863,1.8978052,0.0,0.039879524149000645,1227.8748,1493.0378,0.310139341241271,4.100599644699082,866.7017151813433,1705.7722611860795,1047.809246612765,0.3291848,18.00709872491764,-5862.972650942887,buka,dataset48k/train\buka\buka48k-buka_83.wav.wav
0.022270389,0.1290515,0.016654292,0.130959,0.030373313210227272,-0.65313685,0.9999892,1.653126,0.0,0.016537162009626627,378.1633,692.72156,2.2752657080034626,12.130028023571136,791.7110848872825,1395.9877707741477,1146.7883751532825,0.27759302,16.667183610862878,-5284.0353782507955,buka,dataset48k/train\buka\buka48k-buka_84.wav.wav
0.027873985,0.23438235,0.054935083,0.23603398,0.028886274857954544,-0.89800346,0.9999789,1.8979824,0.0,0.03965684771537781,1228.4504,1492.5973,0.30956461611513497,4.103224571604108,863.7545645898276,1695.0056596235795,1052.5359304023896,0.32871798,18.08838318621695,-5840.093942314179,buka,dataset48k/train\buka\buka48k-buka_85.wav.wav
0.028021606,0.23429756,0.054895345,0.23596728,0.029130415482954544,-0.89741755,0.9999963,1.8974138,0.0,0.04016820155084133,1227.7562,1493.7786,0.31054181565609035,4.097262203856666,862.8654317648968,1696.2291370738637,1047.1982977437378,0.32786834,18.105626999709273,-5833.19358358856,buka,dataset48k/train\buka\buka48k-buka_86.wav.wav
0.027386887,0.23410203,0.05480376,0.23569854,0.028353604403409092,-0.89891076,0.99992484,1.8988357,0.0,0.038372984156012535,1224.9613,1487.9285,0.3062792345763589,4.12113182810199,877.496555253645,1717.0282537286932,1080.1672189797982,0.3305456,17.913648654071057,-5946.858238260137,buka,dataset48k/train\buka\buka48k-buka_87.wav.wav
0.030305699,0.22375156,0.05006476,0.22579458,0.037420099431818184,-0.8482938,0.99997646,1.8482702,0.0,0.048231637105345726,1124.1794,1502.5613,0.4465981201869473,3.948636514523608,817.2663160135785,1597.1274636008523,990.9896593966082,0.29846933,18.986264117483547,-5480.559318987001,buka,dataset48k/train\buka\buka48k-buka_88.wav.wav
0.02406711,0.13555625,0.018375495,0.13767615,0.03823020241477273,-0.7179834,0.9999926,1.7179761,0.0,0.020071745850145817,417.95163,742.82227,2.213027455898172,11.104190777974068,779.7002747743962,1348.2721502130682,1111.7642730897403,0.25344256,17.001416484361553,-5191.953631349246,buka,dataset48k/train\buka\buka48k-buka_89.wav.wav
0.027948271,0.23427866,0.05488649,0.23593983,0.028886274857954544,-0.89753354,0.9999885,1.897522,0.0,0.03996680211275816,1227.4706,1493.1074,0.31016701552691883,4.099985247098352,861.4904777634162,1694.516268643466,1044.9388017042713,0.3278499,18.033866756074485,-5822.524680829584,buka,dataset48k/train\buka\buka48k-buka_9.wav.wav
0.030431537,0.22388995,0.050126705,0.22594863,0.037064985795454544,-0.8489119,0.99998784,1.8488997,0.0,0.04852594714611769,1125.7139,1503.9415,0.44695685316576,3.9443928674538364,802.1898349143132,1549.167147549716,969.210756170418,0.29810017,18.911686368873415,-5364.520407578205,buka,dataset48k/train\buka\buka48k-buka_90.wav.wav
0.023962148,0.13552283,0.018366436,0.13762492,0.038141424005681816,-0.7184031,0.9999814,1.7183845,0.0,0.019758437294512987,417.64066,741.92944,2.214393310443997,11.120385370861234,782.8634769868469,1362.4644886363637,1116.8368530568405,0.2536416,17.062380450859013,-5216.186718897643,buka,dataset48k/train\buka\buka48k-buka_91.wav.wav
0.024083761,0.13553257,0.018369077,0.13765574,0.03834117542613636,-0.7177837,0.99999493,1.7177787,0.0,0.020149401389062405,417.82773,742.857,2.212765044419386,11.101007814628195,779.216118312772,1352.1872780539773,1110.0427199276903,0.25352368,17.045371026414696,-5188.2456711358645,buka,dataset48k/train\buka\buka48k-buka_92.wav.wav
0.023970917,0.13554825,0.018373327,0.13765149,0.03836337002840909,-0.7185627,0.99998194,1.7185447,0.0,0.019764867145568132,417.80188,742.08014,2.2143546317209206,11.119153639703546,787.9950066237503,1363.443270596591,1128.0362439069872,0.25365174,17.037921404234957,-5255.526198134222,buka,dataset48k/train\buka\buka48k-buka_93.wav.wav
0.024102839,0.13554984,0.01837376,0.13767609,0.03842995383522727,-0.7178262,0.99999636,1.7178226,0.0,0.020183198619633913,417.9513,743.03015,2.2125550754350938,11.099040691703497,778.1531387471347,1349.2509321732955,1109.113738976816,0.25350198,17.007665875144774,-5180.105792388509,buka,dataset48k/train\buka\buka48k-buka_94.wav.wav
0.030506432,0.22386354,0.050114885,0.22593258,0.03724254261363636,-0.8484435,0.99999595,1.8484395,0.0,0.04879827331751585,1125.554,1504.5005,0.4472821013657863,3.941459330060492,803.452804504845,1553.8163618607955,971.1516519707169,0.29810193,18.988553327095556,-5374.230284590783,buka,dataset48k/train\buka\buka48k-buka_95.wav.wav
0.03051848,0.22387908,0.050121848,0.22594962,0.03724254261363636,-0.84848857,0.9999967,1.8484852,0.0,0.048829699866473675,1125.7236,1504.6166,0.447342033222944,3.94120215417124,803.1606239420242,1552.1034934303977,970.6666964816642,0.29814476,18.916498076806633,-5371.983785204803,buka,dataset48k/train\buka\buka48k-buka_96.wav.wav
0.024014639,0.1354842,0.018355971,0.13759606,0.03831898082386364,-0.7179924,0.99998826,1.7179806,0.0,0.019897363148629665,417.4655,742.1845,2.213536369213125,11.110883280070533,782.4867442429212,1356.8364923650568,1116.696482417856,0.25366974,17.04451517153392,-5213.299922243423,buka,dataset48k/train\buka\buka48k-buka_97.wav.wav
0.02281166,0.12849872,0.016511919,0.13050781,0.04444469105113636,-0.66032046,0.99999595,1.6603165,0.0,0.022284224280156195,375.56198,678.5315,2.3941780442978065,12.646776839503826,811.3137432770335,1385.9552556818182,1156.4505223000358,0.23071146,17.08625761947633,-5434.710732413883,buka,dataset48k/train\buka\buka48k-buka_98.wav.wav
0.022621648,0.12840235,0.016487164,0.13037984,0.04369007457386364,-0.6602825,0.99997765,1.6602602,0.0,0.020587278762832284,374.8258,676.91223,2.397041690782267,12.678172608329124,815.8465461310243,1397.7006392045455,1162.461559463648,0.23075089,17.03165650875007,-5469.619855889632,buka,dataset48k/train\buka\buka48k-buka_99.wav.wav
0.013408012,0.105588526,0.011148937,0.106436424,0.06851473721590909,-0.43488124,0.9999924,1.4348736,0.0,0.008716093376278877,249.79811,530.97595,2.793598246125557,17.502258987631738,1540.753647099688,2856.8198464133525,1321.8223646698366,0.33201247,16.073403317068546,-11309.173303705002,tutup,dataset48k/train\tutup\tutup48k-tutup_0.wav.wav
0.016662175,0.13063082,0.017064413,0.13168919,0.10430353338068182,-0.4777831,0.9999875,1.4777706,0.0,0.03817113069817424,382.39203,889.0337,1.2673646371478007,5.896949741367962,1696.4451088907952,2866.362970525568,1242.3703484309933,0.28242174,17.025880768874973,-12615.258185920266,tutup,dataset48k/train\tutup\tutup48k-tutup_1.wav.wav
0.016749693,0.13067499,0.017075954,0.13174409,0.1041259765625,-0.4775896,0.99999607,1.4775857,0.0,0.03834363794885576,382.71094,889.7912,1.2669588930025923,5.88891209716884,1694.7546804164958,2863.671320134943,1235.0560831104624,0.28251505,17.058393545540365,-12600.998083197537,tutup,dataset48k/train\tutup\tutup48k-tutup_10.wav.wav
0.021115238,0.14683229,0.02155972,0.14834276,0.10613458806818182,-0.45894438,0.9999853,1.4589297,0.0,0.05981033621355891,485.2229,952.42896,1.9246369710210591,8.354001592884723,1685.755839778347,2907.227117365057,1270.4891390570845,0.21552414,18.32480652538143,-12525.114156758606,tutup,dataset48k/train\tutup\tutup48k-tutup_100.wav.wav
0.021255787,0.14688927,0.021576459,0.14841922,0.10613458806818182,-0.45882675,0.999998,1.4588248,0.0,0.06007742788642645,485.72327,953.6057,1.9228174994415665,8.338829527307729,1683.7561586058473,2901.354425603693,1270.2848972916365,0.21552606,18.250418240375847,-12508.258092343473,tutup,dataset48k/train\tutup\tutup48k-tutup_101.wav.wav
0.019238308,0.12277106,0.015072733,0.12426924,0.08354048295454546,-0.52619725,0.9999972,1.5261945,0.0,0.03034995379857719,340.5147,627.4934,2.904141226605053,14.751757829425678,1402.0658172809353,2521.831720525568,1288.3583331688692,0.226756,16.43133722022768,-10158.9511129085,tutup,dataset48k/train\tutup\tutup48k-tutup_102.wav.wav
0.021243423,0.1468747,0.021572176,0.14840303,0.10613458806818182,-0.45883578,0.999997,1.4588327,0.0,0.0601132782176137,485.6173,953.44916,1.9229709071230188,8.34002249138654,1684.5170702743735,2904.7801624644885,1270.4149997086065,0.21554479,18.26006029084411,-12514.671823119113,tutup,dataset48k/train\tutup\tutup48k-tutup_103.wav.wav
0.019233769,0.122772746,0.015073147,0.12427021,0.08362926136363637,-0.526141,0.9999969,1.5261378,0.0,0.030355294235050678,340.52002,627.47845,2.9042670621328823,14.752528043849189,1402.1676461196648,2521.3423295454545,1288.41003164515,0.22677077,16.428908005067086,-10159.790766866576,tutup,dataset48k/train\tutup\tutup48k-tutup_104.wav.wav
0.019162722,0.12274202,0.015065604,0.12422888,0.08365145596590909,-0.52633125,0.9999905,1.5263218,0.0,0.03025598730891943,340.29355,626.9361,2.9057387922013262,14.765725220292193,1404.3570461591034,2525.2574573863635,1291.7093608459852,0.22733106,16.408018850595035,-10177.845774600657,tutup,dataset48k/train\tutup\tutup48k-tutup_105.wav.wav
0.019157367,0.12275591,0.0150690125,0.12424177,0.08329634232954546,-0.52613276,0.99999,1.5261228,0.0,0.030253120698034763,340.3642,626.9724,2.9058688616747146,14.766256637847242,1403.8648508775013,2524.523370916193,1290.3834756794927,0.22734436,16.431882163946337,-10173.78656155916,tutup,dataset48k/train\tutup\tutup48k-tutup_106.wav.wav
0.019213248,0.12276356,0.015070891,0.12425796,0.08347389914772728,-0.52619606,0.999995,1.526191,0.0,0.03031699568964541,340.45288,627.31335,2.904683026952685,14.756407363444882,1402.0961242094077,2521.0976340553975,1288.3853563428283,0.22677864,16.42509563896349,-10159.201015137129,tutup,dataset48k/train\tutup\tutup48k-tutup_107.wav.wav
0.021258121,0.14688644,0.021575624,0.14841674,0.10613458806818182,-0.45880002,0.9999982,1.4587982,0.0,0.06011291593313217,485.7071,953.6068,1.9227735945141526,8.338477226045246,1683.257822247831,2903.067294034091,1269.4399864800146,0.21537429,18.23672016450443,-12504.057797379875,tutup,dataset48k/train\tutup\tutup48k-tutup_108.wav.wav
0.021387333,0.14105855,0.019897515,0.1426707,0.103515625,-0.4139839,0.99998707,1.413971,0.0,0.06267123250290751,448.82626,925.19727,1.93198454349764,8.364569068605277,1661.0705353668966,2886.1833052201705,1285.4702011707905,0.19211765,18.752828055159384,-12317.199426029181,tutup,dataset48k/train\tutup\tutup48k-tutup_109.wav.wav
0.016698709,0.13065818,0.01707156,0.13172095,0.10421475497159091,-0.4776819,0.9999911,1.477673,0.0,0.03826831071637571,382.57648,889.4384,1.2670692642402355,5.892858114442266,1696.3078396904805,2868.3205344460225,1237.2588837795354,0.2825656,17.037196397506207,-12614.100148660791,tutup,dataset48k/train\tutup\tutup48k-tutup_11.wav.wav
0.018289095,0.122296885,0.014956528,0.123656854,0.07638272372159091,-0.5775432,0.99999267,1.5775359,0.0,0.024366897298023105,337.16696,597.8164,3.024551076583957,16.196808908272693,1378.222460126807,2562.451171875,1339.9001129189796,0.22425151,15.960642375007833,-9962.549792562457,tutup,dataset48k/train\tutup\tutup48k-tutup_110.wav.wav
0.021447385,0.14105363,0.01989613,0.14267486,0.10369318181818182,-0.41373023,0.99999315,1.4137233,0.0,0.06276163179427385,448.85242,925.5688,1.930980107494265,8.356171009974386,1659.1141108069162,2884.225741299716,1283.9537228013612,0.19195513,18.73534374435918,-12300.736840289477,tutup,dataset48k/train\tutup\tutup48k-tutup_111.wav.wav
0.018288303,0.12228578,0.014953813,0.12364577,0.07602761008522728,-0.57776314,0.99999243,1.5777556,0.0,0.02436778915580362,337.10648,597.7578,3.0246062536137583,16.197028885398996,1379.6853951740848,2568.5685591264205,1342.624208878433,0.22424628,15.975402218454416,-9974.588402716283,tutup,dataset48k/train\tutup\tutup48k-tutup_112.wav.wav
0.018199591,0.12223453,0.014941281,0.123581976,0.07594992897727272,-0.5780371,0.999984,1.578021,0.0,0.02413769334089011,336.75873,597.0327,3.0264455114558686,16.214818973491187,1358.3787660584735,2502.7454723011365,1327.6359385465792,0.2235795,15.973874232097984,-9799.408511889184,tutup,dataset48k/train\tutup\tutup48k-tutup_113.wav.wav
0.01825457,0.12226696,0.014949211,0.12362217,0.07576127485795454,-0.5777121,0.9999896,1.5777018,0.0,0.024315342074260116,336.9778,597.50287,3.0251986135427305,16.203504489136833,1375.1448582433986,2549.7270063920455,1338.1336364596837,0.2235032,15.990596902081377,-9937.229030705703,tutup,dataset48k/train\tutup\tutup48k-tutup_114.wav.wav
0.018346796,0.12230308,0.0149580445,0.12367155,0.07611638849431818,-0.5775266,0.9999982,1.5775249,0.0,0.024542497005313635,337.24707,598.1945,3.023182255374321,16.184199130166498,1376.3313768057508,2564.6534312855115,1338.0053345018378,0.2241187,15.987999061464132,-9946.990217124592,tutup,dataset48k/train\tutup\tutup48k-tutup_115.wav.wav
0.021180082,0.1409093,0.019855432,0.1424922,0.10342684659090909,-0.4139264,0.99996907,1.4138955,0.0,0.062130989506840706,447.70386,922.95435,1.9350471802290685,8.39033011719912,1665.450405072687,2894.0135609019885,1290.5398769967012,0.19231302,18.616869732272747,-12354.062751848063,tutup,dataset48k/train\tutup\tutup48k-tutup_116.wav.wav
0.021039309,0.14076915,0.019815955,0.14233273,0.10324928977272728,-0.4135851,0.99995655,1.4135417,0.0,0.061743983533233404,446.70227,921.1964,1.9370590949285993,8.407932995292724,1669.5885820698845,2901.59912109375,1297.8340190354256,0.19280054,18.5832579534656,-12388.90244557462,tutup,dataset48k/train\tutup\tutup48k-tutup_117.wav.wav
0.02149163,0.14107104,0.01990104,0.14269873,0.10369318181818182,-0.4136747,0.9999971,1.4136717,0.0,0.0628975909203291,449.00256,925.93604,1.9303680469698263,8.351232475574514,1658.9197498494805,2882.512872869318,1284.1236848167011,0.19202566,18.70823997060255,-12299.10149098468,tutup,dataset48k/train\tutup\tutup48k-tutup_118.wav.wav
0.018349383,0.12230859,0.014959391,0.12367737,0.07611638849431818,-0.5775591,0.99999833,1.5775574,0.0,0.02452983136754483,337.27884,598.2212,3.0231590983656393,16.184041317133968,1376.490008250616,2557.8019575639205,1337.6175976967172,0.22415991,15.96569036375657,-9948.29531521134,tutup,dataset48k/train\tutup\tutup48k-tutup_119.wav.wav
0.016750539,0.13066606,0.01707362,0.13173534,0.10421475497159091,-0.47765517,0.9999964,1.4776516,0.0,0.03835727204568684,382.66013,889.7357,1.2669812554180715,5.888669138400024,1695.2235665922606,2865.384188565341,1236.0456140403455,0.28249753,17.064672802415345,-12604.95334046129,tutup,dataset48k/train\tutup\tutup48k-tutup_12.wav.wav
0.018308684,0.12228167,0.014952808,0.12364472,0.07620516690340909,-0.57758725,0.99999464,1.5775819,0.0,0.024401222821325064,337.10077,597.8823,3.0240254007607352,16.192074055821596,1377.789562895597,2564.1640403053975,1339.0758166702615,0.22417618,15.935955113520825,-9958.987744097727,tutup,dataset48k/train\tutup\tutup48k-tutup_120.wav.wav
0.019982526,0.13424112,0.018020678,0.13572022,0.09720126065340909,-0.43257526,0.99998593,1.4325612,0.0,0.05450194561854005,406.16058,846.2219,2.0400674175460023,9.64496154242995,1622.7081631909232,2774.1127707741475,1347.4229494253952,0.16692272,19.017246208549686,-11994.818156601474,tutup,dataset48k/train\tutup\tutup48k-tutup_121.wav.wav
0.01669744,0.11363073,0.012911943,0.11485098,0.07454057173295454,-0.5548722,0.99999386,1.5548661,0.0,0.011304114013910294,290.856,514.4175,3.349032951630604,19.28199439436037,1580.8728543687141,2983.572110262784,1542.426048199117,0.19505805,15.209361607812196,-11644.286424186497,tutup,dataset48k/train\tutup\tutup48k-tutup_122.wav.wav
0.016685663,0.11363486,0.012912882,0.11485335,0.07445179332386363,-0.5550741,0.9999925,1.5550666,0.0,0.011230329051613808,290.86798,514.3475,3.3493985954320027,19.285485086610404,1582.8550647021898,2985.7743696732955,1541.640231320663,0.19471167,15.191162003020066,-11660.870307621317,tutup,dataset48k/train\tutup\tutup48k-tutup_123.wav.wav
0.019835314,0.13415618,0.017997883,0.1356146,0.09711248224431818,-0.4326976,0.99997294,1.4326706,0.0,0.0543379420414567,405.52866,844.78516,2.042439900649498,9.666253811881413,1626.1146278427734,2779.251376065341,1353.2272434398171,0.16634953,19.007705212011576,-12023.408275916465,tutup,dataset48k/train\tutup\tutup48k-tutup_124.wav.wav
0.016661486,0.11361229,0.012907751,0.114827506,0.07447398792613637,-0.5551305,0.9999903,1.5551207,0.0,0.011162803508341312,290.7371,514.1348,3.3499770495943513,19.29129023122374,1583.9599558652453,2987.487238103693,1543.0059054616615,0.19482134,15.194801482746799,-11670.115301497513,tutup,dataset48k/train\tutup\tutup48k-tutup_125.wav.wav
0.016715115,0.11365108,0.012916569,0.11487369,0.07445179332386363,-0.55503064,0.99999565,1.5550263,0.0,0.011333971284329891,290.971,514.5868,3.3486218041581433,19.27726592090863,1582.729125185019,2981.8592418323865,1542.5326139321432,0.19470619,15.240167641359694,-11659.81657851779,tutup,dataset48k/train\tutup\tutup48k-tutup_126.wav.wav
0.016715115,0.11365108,0.012916569,0.11487369,0.07445179332386363,-0.55503064,0.99999565,1.5550263,0.0,0.011333971284329891,290.971,514.5868,3.3486218041581433,19.27726592090863,1582.729125185019,2981.8592418323865,1542.5326139321432,0.19470619,15.240167641359694,-11659.81657851779,tutup,dataset48k/train\tutup\tutup48k-tutup_127.wav.wav
0.01672083,0.11365049,0.012916435,0.11487393,0.07454057173295454,-0.5550744,0.99999595,1.5550704,0.0,0.011358531890437007,290.97223,514.6065,3.3485245479510843,19.276691613753627,1580.7398446392822,2977.6994185014205,1541.8362636829172,0.19512562,15.163073624002829,-11643.173705977419,tutup,dataset48k/train\tutup\tutup48k-tutup_128.wav.wav
0.020055847,0.13428766,0.018033175,0.13577706,0.09720126065340909,-0.43242988,0.99999213,1.432422,0.0,0.054666340816766024,406.50076,846.97375,2.038686776480774,9.634079460641273,1620.517957562053,2771.176424893466,1342.7121655929589,0.16695264,18.93313410772376,-11976.439754438221,tutup,dataset48k/train\tutup\tutup48k-tutup_129.wav.wav
0.023203615,0.13905351,0.019335879,0.14097619,0.079833984375,-0.5454069,0.99998367,1.5453906,0.0,0.03332985960878432,438.22803,722.5857,2.755693779533908,13.085803450138815,1375.727224901532,2484.638006036932,1203.0192194230024,0.29373673,15.818545747249122,-9942.019885203175,tutup,dataset48k/train\tutup\tutup48k-tutup_13.wav.wav
0.020095112,0.1343017,0.018036949,0.13579677,0.0972900390625,-0.4325253,0.9999954,1.4325207,0.0,0.05479763634502888,406.6188,847.2882,2.0381267802624192,9.629119715678518,1620.6553803406416,2770.931729403409,1343.3085305762008,0.16696294,19.01565359228036,-11977.592806240367,tutup,dataset48k/train\tutup\tutup48k-tutup_130.wav.wav
0.016704448,0.11363931,0.012913893,0.11486048,0.07454057173295454,-0.5550324,0.9999945,1.5550269,0.0,0.011276539182290435,290.9041,514.47473,3.3489825866635785,19.28102551014611,1579.4849884046891,2976.720636541193,1538.9406900825538,0.19440037,15.257102572510115,-11632.676518296299,tutup,dataset48k/train\tutup\tutup48k-tutup_131.wav.wav
0.020104848,0.13430959,0.018039064,0.135806,0.0972900390625,-0.4324453,0.9999961,1.4324415,0.0,0.05478503741323948,406.67407,847.3893,2.0380188116546476,9.628146223637938,1620.7093616448446,2768.240079012784,1343.7714143136293,0.16678675,19.000970947806955,-11978.045741909398,tutup,dataset48k/train\tutup\tutup48k-tutup_132.wav.wav
0.016725732,0.11364404,0.012914969,0.11486827,0.07447398792613637,-0.5549866,0.9999967,1.5549834,0.0,0.011354920919984579,290.94354,514.6186,3.3483617754217887,19.27467029732324,1581.8527668784766,2983.816805752841,1541.3777896485951,0.19517444,15.228119626173994,-11652.484413670558,tutup,dataset48k/train\tutup\tutup48k-tutup_133.wav.wav
0.015286436,0.1071977,0.011491348,0.10828215,0.062744140625,-0.50199294,0.9999968,1.5019897,0.0,0.009350355248898268,258.53677,473.8673,3.458769064820336,21.214287696756124,1545.35593195835,3001.434881036932,1542.8523106187974,0.21355702,15.345151944194296,-11347.563350248705,tutup,dataset48k/train\tutup\tutup48k-tutup_134.wav.wav
0.017997935,0.122970834,0.015121827,0.12428094,0.09296209161931818,-0.40592384,0.99998045,1.4059043,0.0,0.03853395231999457,340.57883,721.9167,2.278953860810723,11.579027711235232,1700.247943378005,3016.116610440341,1484.6106716968482,0.15180536,17.828303098233185,-12647.344260472939,tutup,dataset48k/train\tutup\tutup48k-tutup_135.wav.wav
0.015146721,0.1071959,0.011490961,0.10826072,0.06273304332386363,-0.5026196,0.9999807,1.5026003,0.0,0.008918197359889746,258.43448,473.0216,3.463037387619503,21.261669497390667,1562.3294743530641,3055.267888849432,1553.371993760862,0.21562673,15.310286510160456,-11489.26665209046,tutup,dataset48k/train\tutup\tutup48k-tutup_136.wav.wav
0.0179851,0.122981824,0.01512453,0.12428996,0.09293989701704546,-0.40629908,0.9999787,1.4062778,0.0,0.038405991392210126,340.62827,721.8872,2.2791126024355837,11.582783826924612,1704.8588914825,3032.266512784091,1491.0819883484712,0.15192546,17.804483296336745,-12686.260128101947,tutup,dataset48k/train\tutup\tutup48k-tutup_137.wav.wav
0.015287633,0.10719349,0.011490445,0.10827814,0.062744140625,-0.5019893,0.99999714,1.5019865,0.0,0.009356170194223523,258.51764,473.86972,3.4586741427352314,21.212919553176974,1548.7757793910062,3018.563565340909,1543.7655374357141,0.21412446,15.31579704110765,-11376.098951247892,tutup,dataset48k/train\tutup\tutup48k-tutup_138.wav.wav
0.015252164,0.10718834,0.01148934,0.10826804,0.06282182173295454,-0.5020525,0.9999934,1.5020459,0.0,0.009277914883568883,258.4694,473.65784,3.459627789716271,21.223917916928443,1557.8459742503567,3044.011896306818,1547.3976090023555,0.2152124,15.3137907934258,-11451.81823098664,tutup,dataset48k/train\tutup\tutup48k-tutup_139.wav.wav
0.023345133,0.1390877,0.019345392,0.14103328,0.07947887073863637,-0.5452635,0.9999976,1.5452611,0.0,0.03364687692373991,438.58304,723.677,2.7529422328530813,13.063650821835484,1376.5008269833056,2487.329656427557,1203.84637290976,0.29399687,15.857710092050437,-9948.384324127475,tutup,dataset48k/train\tutup\tutup48k-tutup_14.wav.wav
0.015278165,0.10719403,0.01149056,0.10827733,0.06273304332386363,-0.5020468,0.9999961,1.502043,0.0,0.009324473328888416,258.51376,473.81543,3.458951668107826,21.216109607065015,1548.0232607559665,3018.563565340909,1541.7219929343612,0.21416359,15.352798386528,-11369.819200471982,tutup,dataset48k/train\tutup\tutup48k-tutup_140.wav.wav
0.015296571,0.10719952,0.011491737,0.108285375,0.06283291903409091,-0.5020416,0.99999803,1.5020397,0.0,0.009361974196508527,258.5522,473.9367,3.4583895710797106,21.210295232365247,1548.6700015342299,3018.3188698508525,1544.3239494570337,0.21412626,15.335103865127607,-11375.216215365981,tutup,dataset48k/train\tutup\tutup48k-tutup_141.wav.wav
0.018110694,0.1230171,0.015133208,0.12434309,0.09287331321022728,-0.4051519,0.99999076,1.4051427,0.0,0.03882485395297408,340.91956,722.8375,2.2768065285326573,11.560055276456767,1699.7590468539377,3021.255215731534,1485.1815055581817,0.15199639,17.78928226435107,-12643.218763092891,tutup,dataset48k/train\tutup\tutup48k-tutup_142.wav.wav
0.01816118,0.1230162,0.015132985,0.12434956,0.09296209161931818,-0.40524578,0.9999951,1.4052409,0.0,0.038946494460105896,340.95502,723.1185,2.275817430014817,11.551973855807546,1698.724568155619,3018.563565340909,1483.7142804810774,0.15175794,17.76931751528769,-12634.48989657464,tutup,dataset48k/train\tutup\tutup48k-tutup_143.wav.wav
0.015234424,0.10718638,0.011488919,0.108263604,0.06273304332386363,-0.5023106,0.9999911,1.5023017,0.0,0.00918312557041645,258.4482,473.53693,3.460195316958614,21.230438070778003,1551.0660984424867,3025.9044300426135,1542.9557374268081,0.21435839,15.286084985114917,-11395.2138604015,tutup,dataset48k/train\tutup\tutup48k-tutup_144.wav.wav
0.018069142,0.12298569,0.0151254805,0.12430597,0.09322842684659091,-0.40517715,0.9999873,1.4051645,0.0,0.038761869771406054,340.71603,722.438,2.277421763872374,11.56671266959169,1702.3326560175,3025.9044300426135,1487.6509408577049,0.15187718,17.849026320253284,-12664.937446840846,tutup,dataset48k/train\tutup\tutup48k-tutup_145.wav.wav
0.018110694,0.1230171,0.015133208,0.12434309,0.09287331321022728,-0.4051519,0.99999076,1.4051427,0.0,0.03882485395297408,340.91956,722.8375,2.2768065285326573,11.560055276456767,1699.7590468539377,3021.255215731534,1485.1815055581817,0.15199639,17.78928226435107,-12643.218763092891,tutup,dataset48k/train\tutup\tutup48k-tutup_146.wav.wav
0.018177288,0.1230282,0.015135936,0.12436378,0.09296209161931818,-0.40528652,0.9999965,1.405283,0.0,0.038954450050368905,341.03302,723.28357,2.27552691921102,11.54921213399556,1697.3714555130143,3012.201482599432,1483.213661314769,0.15163684,17.775094018571142,-12623.073367747738,tutup,dataset48k/train\tutup\tutup48k-tutup_147.wav.wav
0.0169488,0.12069854,0.014568137,0.12188273,0.08696954900568182,-0.41305795,0.9999981,1.413056,0.0,0.03025682899169624,327.56155,678.59937,2.397037765420961,13.007623648489432,1836.5313357756445,3358.6902965198865,1583.3827052028741,0.17248745,17.05822086178682,-13802.69721677638,tutup,dataset48k/train\tutup\tutup48k-tutup_148.wav.wav
0.0119129345,0.09558464,0.009136423,0.096324146,0.05776145241477273,-0.487057,0.9999956,1.4870526,0.0,0.0,204.58742,393.57553,3.78242637851667,25.021675637181097,1454.4851428864922,2790.017977627841,1423.8701362554318,0.28958714,14.400564637968786,-10592.153168916122,tutup,dataset48k/train\tutup\tutup48k-tutup_149.wav.wav
0.016682686,0.13062456,0.017062776,0.13168557,0.10439231178977272,-0.47772917,0.99998975,1.477719,0.0,0.03818343440070748,382.371,889.103,1.2670571222129638,5.894442691920702,1703.8659170713252,2898.1733842329545,1248.2185257435156,0.2826288,17.007401683451747,-12677.878484371091,tutup,dataset48k/train\tutup\tutup48k-tutup_15.wav.wav
0.016720684,0.13067117,0.017074954,0.13173662,0.10421475497159091,-0.4777274,0.99999315,1.4777205,0.0,0.038273883517831564,382.66754,889.62604,1.2670971439788503,5.891491616258413,1695.2032106353327,2865.384188565341,1235.7473499456794,0.28254032,17.042391595059982,-12604.781626485781,tutup,dataset48k/train\tutup\tutup48k-tutup_16.wav.wav
0.02307937,0.13899025,0.019318292,0.1408934,0.08001154119318182,-0.54500216,0.999972,1.5449741,0.0,0.032993015833199024,437.71347,721.511,2.7578436655935152,13.10490861802758,1377.985498054119,2486.1061789772725,1206.1286508080004,0.29352066,15.874610127008264,-9960.599958700723,tutup,dataset48k/train\tutup\tutup48k-tutup_17.wav.wav
0.023152847,0.13901244,0.01932446,0.14092734,0.08001154119318182,-0.545465,0.99997944,1.5454445,0.0,0.03318910486996174,437.92435,722.0945,2.756694305365098,13.094284143040028,1371.5601645205136,2472.158536044034,1202.3977230249398,0.29255438,15.867275329336904,-9907.74488958202,tutup,dataset48k/train\tutup\tutup48k-tutup_18.wav.wav
0.016763069,0.13067043,0.017074762,0.13174127,0.1041259765625,-0.477627,0.9999977,1.4776247,0.0,0.03839414217509329,382.69458,889.82794,1.2669274279840812,5.887616157364631,1694.5002455379304,2862.692538174716,1234.9063900289375,0.2825029,17.038749921823733,-12598.851869476892,tutup,dataset48k/train\tutup\tutup48k-tutup_19.wav.wav
0.016732717,0.13065018,0.01706947,0.13171732,0.1041259765625,-0.4774933,0.9999947,1.477488,0.0,0.03830933081917465,382.55545,889.525,1.2670506740414011,5.890560080611593,1694.094063175982,2861.469060724432,1233.9245134328758,0.28244922,17.06915971484758,-12595.425711800683,tutup,dataset48k/train\tutup\tutup48k-tutup_2.wav.wav
0.023350235,0.1390878,0.019345414,0.1410342,0.07947887073863637,-0.5453255,0.99999815,1.5453236,0.0,0.0336423993576318,438.58878,723.71234,2.752839508316838,13.062796217529122,1376.7170196754096,2487.5743519176135,1204.1875373129203,0.29402357,15.84427101285406,-9950.16302322377,tutup,dataset48k/train\tutup\tutup48k-tutup_20.wav.wav
0.02334991,0.13909298,0.01934686,0.14103927,0.07947887073863637,-0.5452844,0.99999803,1.5452824,0.0,0.03364241146482527,438.62024,723.72906,2.7528367825006983,13.06275745822142,1376.6809373077845,2487.5743519176135,1204.337095147679,0.29400584,15.84702641462695,-9949.866157569508,tutup,dataset48k/train\tutup\tutup48k-tutup_21.wav.wav
0.023292925,0.13909055,0.019346181,0.14102745,0.07939009232954546,-0.5454273,0.99999225,1.5454196,0.0,0.033536766190081835,438.54675,723.32306,2.7539891801729692,13.072186931752046,1371.1420472288798,2474.1160999644885,1201.0982173438601,0.2923752,15.859839678476126,-9904.30648040187,tutup,dataset48k/train\tutup\tutup48k-tutup_22.wav.wav
0.016420033,0.13051376,0.017033841,0.13154261,0.10404829545454546,-0.478526,0.99996054,1.4784865,0.0,0.0375797760207206,381.54126,886.9486,1.2673814792345193,5.918753562885163,1698.9245887449388,2874.1932262073865,1247.6984977065624,0.28267327,16.865022839194076,-12636.177608674152,tutup,dataset48k/train\tutup\tutup48k-tutup_23.wav.wav
0.023299748,0.13908613,0.019344952,0.14102422,0.07974520596590909,-0.5453673,0.99999315,1.5453604,0.0,0.03353086533024907,438.52664,723.3594,2.7537562070071466,13.070739388948414,1373.9027001433653,2480.7228781960225,1203.4060890187002,0.2930916,15.882289874847624,-9927.011208880049,tutup,dataset48k/train\tutup\tutup48k-tutup_24.wav.wav
0.023323368,0.13907856,0.019342845,0.14102066,0.07974520596590909,-0.545326,0.99999565,1.5453217,0.0,0.03356822254136205,438.5045,723.5084,2.753294389402678,13.066629422866242,1372.1360705206432,2476.318359375,1203.2646474099795,0.2926349,15.884961359736145,-9912.481091052901,tutup,dataset48k/train\tutup\tutup48k-tutup_25.wav.wav
0.016747436,0.13066785,0.017074088,0.13173673,0.1041259765625,-0.47762507,0.999996,1.4776211,0.0,0.038316297344863415,382.66815,889.73236,1.26694779298425,5.888957070565974,1694.8416661429437,2864.160711115057,1235.2336552501763,0.28247532,17.0180254296792,-12601.731835543424,tutup,dataset48k/train\tutup\tutup48k-tutup_26.wav.wav
0.023292925,0.13909055,0.019346181,0.14102745,0.07939009232954546,-0.5454273,0.99999225,1.5454196,0.0,0.033536766190081835,438.54675,723.32306,2.7539891801729692,13.072186931752046,1371.1420472288798,2474.1160999644885,1201.0982173438601,0.2923752,15.859839678476126,-9904.30648040187,tutup,dataset48k/train\tutup\tutup48k-tutup_27.wav.wav
0.02307937,0.13899025,0.019318292,0.1408934,0.08001154119318182,-0.54500216,0.999972,1.5449741,0.0,0.032993015833199024,437.71347,721.511,2.7578436655935152,13.10490861802758,1377.985498054119,2486.1061789772725,1206.1286508080004,0.29352066,15.874610127008264,-9960.599958700723,tutup,dataset48k/train\tutup\tutup48k-tutup_28.wav.wav
0.016662175,0.13063082,0.017064413,0.13168919,0.10430353338068182,-0.4777831,0.9999875,1.4777706,0.0,0.03817113069817424,382.39203,889.0337,1.2673646371478007,5.896949741367962,1696.4451088907952,2866.362970525568,1242.3703484309933,0.28242174,17.025880768874973,-12615.258185920266,tutup,dataset48k/train\tutup\tutup48k-tutup_29.wav.wav
0.023196429,0.13906607,0.019339373,0.14098741,0.07965642755681818,-0.54574805,0.9999827,1.5457308,0.0,0.03324623219668865,438.29773,722.5492,2.7558827884835266,13.087872209212811,1374.4954027583317,2480.9675736860795,1203.6744022490802,0.29332486,15.85374090103002,-9931.886559112369,tutup,dataset48k/train\tutup\tutup48k-tutup_3.wav.wav
0.02331778,0.13909708,0.019347996,0.14103799,0.079833984375,-0.5455323,0.9999947,1.545527,0.0,0.0335699615534395,438.6123,723.5138,2.753514803508551,13.06843655981113,1376.8761330907337,2486.840265447443,1204.695535398578,0.29403785,15.844895701856633,-9951.472131196495,tutup,dataset48k/train\tutup\tutup48k-tutup_30.wav.wav
0.016588418,0.13052334,0.017036341,0.13157324,0.10404829545454546,-0.47732273,0.99998015,1.4773029,0.0,0.03796455659903586,381.719,887.87585,1.2674807548585598,5.9031752440054674,1689.044591351127,2845.074462890625,1230.6952479672195,0.28225574,17.101255722058028,-12552.841437530127,tutup,dataset48k/train\tutup\tutup48k-tutup_31.wav.wav
0.02328125,0.1390713,0.019340826,0.14100654,0.07974520596590909,-0.5454155,0.99999136,1.5454068,0.0,0.03353880159556866,438.41675,723.18616,2.754172730184602,13.073375181071345,1372.1410492314055,2476.073663884943,1202.1617378180374,0.29279226,15.89728091096848,-9912.522036596503,tutup,dataset48k/train\tutup\tutup48k-tutup_32.wav.wav
0.016750649,0.13066253,0.017072698,0.13173187,0.1041259765625,-0.47754264,0.9999963,1.477539,0.0,0.03829011553898454,382.6399,889.70166,1.2669601055808961,5.88892149454348,1693.3561169046695,2859.756192294034,1233.1271481297051,0.28236294,17.10318676931295,-12589.201367034886,tutup,dataset48k/train\tutup\tutup48k-tutup_33.wav.wav
0.01674608,0.130661,0.017072298,0.13172977,0.1041259765625,-0.47768748,0.99999595,1.4776834,0.0,0.03835591720417142,382.6277,889.67377,1.2669574023980352,5.889111649603429,1694.8512890692807,2864.4054066051135,1235.2544919994095,0.28249738,17.01701499519951,-12601.813008270485,tutup,dataset48k/train\tutup\tutup48k-tutup_34.wav.wav
0.02330175,0.13907324,0.019341366,0.14101183,0.07956764914772728,-0.5454373,0.9999935,1.5454308,0.0,0.03358792793005705,438.44965,723.3414,2.7537116384822062,13.06986209458601,1376.2022493906222,2485.616787997159,1203.002542063753,0.29395768,15.854494114310851,-9945.927869106135,tutup,dataset48k/train\tutup\tutup48k-tutup_35.wav.wav
0.023310298,0.13908082,0.019343477,0.14102073,0.07956764914772728,-0.54534376,0.9999942,1.5453379,0.0,0.0335290334187448,438.50494,723.4209,2.753568756522241,13.06870299620729,1371.7711294736973,2477.0524458451705,1200.967745828469,0.29292205,15.849741790086126,-9909.47981917257,tutup,dataset48k/train\tutup\tutup48k-tutup_36.wav.wav
0.016597686,0.1305726,0.017049203,0.13162327,0.10395951704545454,-0.47729024,0.9999807,1.477271,0.0,0.037869350519031286,382.00934,888.2799,1.267475672003606,5.90260360380184,1691.0055391169903,2854.372891512784,1233.092610346343,0.282362,17.022658955941882,-12569.377126787518,tutup,dataset48k/train\tutup\tutup48k-tutup_37.wav.wav
0.023188746,0.13909607,0.019347716,0.14101572,0.07974520596590909,-0.5455204,0.9999817,1.5455022,0.0,0.033321467926725745,438.47385,722.6029,2.7561678467384847,13.089677471668566,1375.5727514728917,2487.5743519176135,1205.8760541225636,0.29314974,15.885610865358968,-9940.749081487533,tutup,dataset48k/train\tutup\tutup48k-tutup_38.wav.wav
0.023345008,0.13908552,0.01934478,0.1410311,0.07947887073863637,-0.5452612,0.99999774,1.545259,0.0,0.03362780739553273,438.5695,723.6715,2.7529082316799016,13.06336513789411,1376.7371867811426,2487.8190474076705,1204.1158346446637,0.29403126,15.844374728717376,-9950.32894736616,tutup,dataset48k/train\tutup\tutup48k-tutup_39.wav.wav
0.016511515,0.1305641,0.017046984,0.13160402,0.10394841974431818,-0.47818592,0.9999705,1.4781564,0.0,0.037622041534632444,381.89752,887.7635,1.2676957916591713,5.911676618142463,1691.9831510817007,2853.1494140625,1234.651851492825,0.2823843,16.991177329072894,-12577.62168788655,tutup,dataset48k/train\tutup\tutup48k-tutup_4.wav.wav
0.016581653,0.13057081,0.017048739,0.13161948,0.10394841974431818,-0.4778067,0.99997896,1.4777856,0.0,0.03788602212443948,381.98734,888.1952,1.2674441376361185,5.904358441790922,1691.6786376402101,2853.394109552557,1234.1573418368605,0.28243423,17.04667031651708,-12575.053553500315,tutup,dataset48k/train\tutup\tutup48k-tutup_40.wav.wav
0.016594676,0.13062209,0.01706213,0.131672,0.10421475497159091,-0.4782314,0.99997956,1.4782109,0.0,0.03806409356184304,382.29218,888.6312,1.2675855478572988,5.9038262401523625,1709.1563637781342,2909.1846812855115,1253.5514407504354,0.2827326,17.153379712352,-12722.541524752312,tutup,dataset48k/train\tutup\tutup48k-tutup_41.wav.wav
0.023322638,0.1390708,0.019340685,0.14101286,0.07965642755681818,-0.54525185,0.99999577,1.5452476,0.0,0.03355691768229008,438.45605,723.4805,2.7533132736606807,13.066499737409245,1375.068401946791,2484.393310546875,1203.9867406361611,0.293488,15.863351663975976,-9936.600079300788,tutup,dataset48k/train\tutup\tutup48k-tutup_42.wav.wav
0.0166917,0.1306549,0.017070705,0.1317168,0.10421475497159091,-0.47781986,0.99999005,1.4778099,0.0,0.03820214909501374,382.55246,889.3541,1.2672127866208285,5.894328962092205,1695.9287310310501,2867.831143465909,1235.7280769741371,0.28249967,17.09471631172414,-12610.901951025677,tutup,dataset48k/train\tutup\tutup48k-tutup_43.wav.wav
0.02333258,0.13908514,0.019344678,0.14102867,0.07947887073863637,-0.5453268,0.9999964,1.5453233,0.0,0.033576487796381116,438.55438,723.58966,2.7531528441797986,13.065354533801951,1376.2713891044407,2486.3508744673295,1203.7290410915905,0.29392338,15.846613928041716,-9946.496689006455,tutup,dataset48k/train\tutup\tutup48k-tutup_44.wav.wav
0.023279296,0.1390779,0.01934266,0.14101273,0.07974520596590909,-0.54532033,0.99999106,1.5453115,0.0,0.03347391891293228,438.4552,723.1808,2.7542338793849988,13.074229253135037,1372.0171698919644,2477.2971413352275,1201.4732257158012,0.2928178,15.82667369232624,-9911.503242693067,tutup,dataset48k/train\tutup\tutup48k-tutup_45.wav.wav
0.016652523,0.13059527,0.017055122,0.1316527,0.10430353338068182,-0.47755498,0.99998635,1.4775413,0.0,0.03803087095730007,382.18008,888.72314,1.2672881416522435,5.897577488768844,1700.7061053975312,2883.002263849432,1242.7655863071586,0.28247967,17.080155069825846,-12651.210535854625,tutup,dataset48k/train\tutup\tutup48k-tutup_46.wav.wav
0.023328101,0.13907896,0.019342955,0.14102183,0.07947887073863637,-0.54532635,0.99999595,1.5453223,0.0,0.033607155783101916,438.5118,723.52673,2.7532508462893306,13.06635973889599,1376.5778791793964,2487.5743519176135,1204.0269560121212,0.2940137,15.835000033386084,-9949.018257811153,tutup,dataset48k/train\tutup\tutup48k-tutup_47.wav.wav
0.016765393,0.13067085,0.017074868,0.13174197,0.1041259765625,-0.47762877,0.9999979,1.4776267,0.0,0.03836023807525635,382.69864,889.845,1.2668875405515199,5.887350705085563,1693.5355004696728,2859.5114968039775,1233.2222964591974,0.28239617,17.07118638697084,-12590.714381422067,tutup,dataset48k/train\tutup\tutup48k-tutup_48.wav.wav
0.01666825,0.1306385,0.017066417,0.13169757,0.10430353338068182,-0.47782773,0.99998784,1.4778156,0.0,0.03817098028957844,382.44067,889.1029,1.2673292631170754,5.89663485787251,1691.6023019677666,2851.4365456321025,1234.500970317443,0.28238192,17.026738960064407,-12574.409780115973,tutup,dataset48k/train\tutup\tutup48k-tutup_49.wav.wav
0.023332387,0.1390914,0.019346418,0.14103481,0.07965642755681818,-0.5452873,0.9999963,1.5452836,0.0,0.03361479821614921,438.59253,723.60046,2.753211517009616,13.065732446153174,1376.2612477157863,2485.861483487216,1204.0540550105716,0.29388496,15.85914713546902,-9946.413254488229,tutup,dataset48k/train\tutup\tutup48k-tutup_5.wav.wav
0.016560731,0.130581,0.0170514,0.13162696,0.10421475497159091,-0.47790396,0.9999764,1.4778804,0.0,0.037765226792544127,382.03076,888.1669,1.2675734934140235,5.905911810414329,1697.6119695465632,2869.29931640625,1241.714518525053,0.28251845,16.99015036450748,-12625.102562275315,tutup,dataset48k/train\tutup\tutup48k-tutup_50.wav.wav
0.023349062,0.13908999,0.019346025,0.14103617,0.07956764914772728,-0.54530245,0.9999981,1.5453005,0.0,0.033634394174441695,438.601,723.7186,2.7528525693649413,13.0627832799245,1376.6633910156643,2487.5743519176135,1204.1787997583278,0.29408765,15.849701810463165,-9949.721796777754,tutup,dataset48k/train\tutup\tutup48k-tutup_51.wav.wav
0.016637744,0.13064864,0.017069066,0.13170375,0.10394841974431818,-0.47810626,0.9999842,1.4780905,0.0,0.03809866448864341,382.47665,889.0198,1.2675709359459728,5.90023833092568,1689.9259267871828,2852.904718572443,1229.994437449249,0.28239578,17.048532676452076,-12560.2730158356,tutup,dataset48k/train\tutup\tutup48k-tutup_52.wav.wav
0.016660836,0.13064612,0.01706841,0.13170418,0.10404829545454546,-0.47778523,0.9999867,1.477772,0.0,0.038028114940971136,382.47916,889.13495,1.267438386419758,5.897392061777978,1689.4514891346894,2843.1168989701705,1231.9767339369564,0.2825115,17.0318391859148,-12556.272415412433,tutup,dataset48k/train\tutup\tutup48k-tutup_53.wav.wav
0.023189178,0.13905707,0.01933687,0.14097734,0.079833984375,-0.5456295,0.9999822,1.5456116,0.0,0.03327279444783926,438.23517,722.5311,2.755670373825526,13.087301888395686,1378.4342964333666,2490.021306818182,1205.994135698142,0.29386333,15.825072278654302,-9964.292914455482,tutup,dataset48k/train\tutup\tutup48k-tutup_54.wav.wav
0.016719036,0.13064523,0.017068177,0.13171068,0.10403719815340909,-0.4775718,0.9999933,1.477565,0.0,0.038265332812443376,382.51685,889.43396,1.267065249670069,5.891444054936363,1695.3756936360785,2865.6288840553975,1236.3818086425888,0.28257012,17.05630339844737,-12606.23662560007,tutup,dataset48k/train\tutup\tutup48k-tutup_55.wav.wav
0.023228414,0.13903086,0.01932958,0.14095795,0.07974520596590909,-0.5451703,0.999987,1.5451573,0.0,0.033383680740371346,438.1146,722.7122,2.754966896070403,13.080629954184914,1373.009107329797,2477.786532315341,1200.9900075448786,0.2931011,15.87060464258224,-9919.661331691395,tutup,dataset48k/train\tutup\tutup48k-tutup_56.wav.wav
0.016756998,0.13066658,0.017073758,0.1317367,0.1041259765625,-0.47753876,0.9999971,1.4775358,0.0,0.038364044623449445,382.66794,889.7723,1.2669335604953742,5.888039216963724,1694.1839414068897,2862.447842684659,1234.6435191575808,0.28248137,17.04351924703931,-12596.183828380388,tutup,dataset48k/train\tutup\tutup48k-tutup_57.wav.wav
0.023350235,0.13909134,0.019346401,0.1410377,0.07947887073863637,-0.54527694,0.9999982,1.5452752,0.0,0.03363546426407993,438.61053,723.7306,2.7528439047750988,13.062659887833775,1374.962063861189,2485.1273970170455,1203.772928792442,0.29344177,15.875320668140564,-9935.725318804863,tutup,dataset48k/train\tutup\tutup48k-tutup_58.wav.wav
0.01661017,0.13061,0.017058972,0.13166195,0.10430353338068182,-0.47742692,0.99998176,1.4774086,0.0,0.03813112108036876,382.23386,888.6139,1.2674938641521865,5.902074574076774,1705.8103740031193,2905.0248579545455,1250.1722548283049,0.28252026,17.078800922171652,-12694.292083616274,tutup,dataset48k/train\tutup\tutup48k-tutup_59.wav.wav
0.023153394,0.13903657,0.019331168,0.14095123,0.07965642755681818,-0.5459623,0.99997884,1.5459411,0.0,0.03311624238267541,438.07285,722.1928,2.756327395696002,13.092609734457326,1374.4842887027446,2479.9887917258525,1204.0273354147755,0.29305613,15.866558453649812,-9931.795136692475,tutup,dataset48k/train\tutup\tutup48k-tutup_6.wav.wav
0.023349062,0.13908999,0.019346025,0.14103617,0.07956764914772728,-0.54530245,0.9999981,1.5453005,0.0,0.033634394174441695,438.601,723.7186,2.7528525693649413,13.0627832799245,1376.6633910156643,2487.5743519176135,1204.1787997583278,0.29408765,15.849701810463165,-9949.721796777754,tutup,dataset48k/train\tutup\tutup48k-tutup_60.wav.wav
0.016594676,0.13062209,0.01706213,0.131672,0.10421475497159091,-0.4782314,0.99997956,1.4782109,0.0,0.03806409356184304,382.29218,888.6312,1.2675855478572988,5.9038262401523625,1709.1563637781342,2909.1846812855115,1253.5514407504354,0.2827326,17.153379712352,-12722.541524752312,tutup,dataset48k/train\tutup\tutup48k-tutup_61.wav.wav
0.016761731,0.1306695,0.017074518,0.13174017,0.1041259765625,-0.47756362,0.9999974,1.477561,0.0,0.03837155527435243,382.68814,889.806,1.2668987555025466,5.887930076302865,1693.500831011866,2859.756192294034,1233.3811546957795,0.28239676,17.064417928312924,-12590.42195968219,tutup,dataset48k/train\tutup\tutup48k-tutup_62.wav.wav
0.02332021,0.13907808,0.019342711,0.14101966,0.079833984375,-0.5452306,0.9999954,1.5452261,0.0,0.03358651255257428,438.4983,723.4851,2.753371837792488,13.06716088068254,1372.5518239478404,2477.786532315341,1203.5723161981366,0.29284734,15.842188333721367,-9915.900361763042,tutup,dataset48k/train\tutup\tutup48k-tutup_63.wav.wav
0.023188746,0.13909607,0.019347716,0.14101572,0.07974520596590909,-0.5455204,0.9999817,1.5455022,0.0,0.033321467926725745,438.47385,722.6029,2.7561678467384847,13.089677471668566,1375.5727514728917,2487.5743519176135,1205.8760541225636,0.29314974,15.885610865358968,-9940.749081487533,tutup,dataset48k/train\tutup\tutup48k-tutup_64.wav.wav
0.01673837,0.13065639,0.017071093,0.13172421,0.10421475497159091,-0.4777229,0.9999952,1.4777181,0.0,0.03833850077353418,382.59543,889.60223,1.2669906231539037,5.8899401078724924,1694.612038334251,2863.671320134943,1234.663969423427,0.28249872,17.04651025534432,-12599.794861403048,tutup,dataset48k/train\tutup\tutup48k-tutup_65.wav.wav
0.016594676,0.13062209,0.01706213,0.131672,0.10421475497159091,-0.4782314,0.99997956,1.4782109,0.0,0.03806409356184304,382.29218,888.6312,1.2675855478572988,5.9038262401523625,1709.1563637781342,2909.1846812855115,1253.5514407504354,0.2827326,17.153379712352,-12722.541524752312,tutup,dataset48k/train\tutup\tutup48k-tutup_66.wav.wav
0.023346927,0.13908882,0.0193457,0.14103468,0.07956764914772728,-0.5452793,0.9999979,1.5452772,0.0,0.03364749415777624,438.59174,723.70154,2.7528772717470607,13.063040290598131,1376.103264199784,2486.1061789772725,1203.6550330688244,0.29391047,15.847083209099269,-9945.113513286109,tutup,dataset48k/train\tutup\tutup48k-tutup_67.wav.wav
0.023322245,0.13908698,0.019345187,0.14102878,0.07956764914772728,-0.54534644,0.9999955,1.545342,0.0,0.03354904614388943,438.555,723.526,2.7533668862683087,13.066996072868843,1372.3573645954095,2477.2971413352275,1203.1511687805835,0.29267582,15.888546164772208,-9914.301058803718,tutup,dataset48k/train\tutup\tutup48k-tutup_68.wav.wav
0.023317544,0.1390746,0.019341743,0.14101577,0.07965642755681818,-0.5453419,0.9999953,1.5453372,0.0,0.03357938351109624,438.47412,723.4611,2.753402087015969,13.06725899443261,1372.5391987866208,2477.541836825284,1203.45172469905,0.29284522,15.885834618931566,-9915.796527105158,tutup,dataset48k/train\tutup\tutup48k-tutup_69.wav.wav
0.02334015,0.13908353,0.019344231,0.14102834,0.07956764914772728,-0.54522836,0.9999973,1.5452256,0.0,0.03360269218683243,438.5523,723.63776,2.7530122015988407,13.064048749585861,1376.0428405939886,2486.1061789772725,1203.3990258904848,0.2939294,15.8647501843838,-9944.6164089394,tutup,dataset48k/train\tutup\tutup48k-tutup_7.wav.wav
0.023212537,0.1390619,0.019338213,0.14098594,0.07939009232954546,-0.54554147,0.99998456,1.545526,0.0,0.033338633831590414,438.2886,722.69006,2.7554013307403014,13.084479826934668,1374.5447250169534,2485.3720925071025,1203.2523851653066,0.29352313,15.84463478678307,-9932.292277101973,tutup,dataset48k/train\tutup\tutup48k-tutup_70.wav.wav
0.023212537,0.1390619,0.019338213,0.14098594,0.07939009232954546,-0.54554147,0.99998456,1.545526,0.0,0.033338633831590414,438.2886,722.69006,2.7554013307403014,13.084479826934668,1374.5447250169534,2485.3720925071025,1203.2523851653066,0.29352313,15.84463478678307,-9932.292277101973,tutup,dataset48k/train\tutup\tutup48k-tutup_71.wav.wav
0.016756285,0.13066678,0.017073806,0.13173677,0.10421475497159091,-0.47768646,0.99999696,1.4776834,0.0,0.03838228993117809,382.66846,889.7682,1.2669227432818984,5.888184475896196,1694.5681376862528,2863.4266246448865,1234.9280051097446,0.28250197,17.04166212114493,-12599.42455082587,tutup,dataset48k/train\tutup\tutup48k-tutup_72.wav.wav
0.023050277,0.13903926,0.019331915,0.14093697,0.07930131392045454,-0.5458011,0.9999679,1.545769,0.0,0.0329203640576452,437.98425,721.4384,2.758680036508368,13.111833134537616,1374.4789831748865,2477.541836825284,1206.8054920537704,0.29282954,15.849158346726577,-9931.751494311926,tutup,dataset48k/train\tutup\tutup48k-tutup_73.wav.wav
0.023239212,0.13903363,0.01933035,0.14096245,0.07992276278409091,-0.54535204,0.9999878,1.5453398,0.0,0.03340780222788453,438.14258,722.7673,2.754837909966024,13.079641093428812,1372.330800558329,2477.2971413352275,1201.79525251556,0.29275212,15.88028601406397,-9914.082588842624,tutup,dataset48k/train\tutup\tutup48k-tutup_74.wav.wav
0.02331117,0.1390701,0.019340489,0.14101028,0.07965642755681818,-0.54534334,0.9999945,1.5453379,0.0,0.033556359354406595,438.44003,723.39136,2.7535205484507697,13.068716930428042,1375.4248704490176,2485.616787997159,1204.3918125478672,0.29350296,15.869299084475111,-9939.53252763928,tutup,dataset48k/train\tutup\tutup48k-tutup_75.wav.wav
0.016594676,0.13062209,0.01706213,0.131672,0.10421475497159091,-0.4782314,0.99997956,1.4782109,0.0,0.03806409356184304,382.29218,888.6312,1.2675855478572988,5.9038262401523625,1709.1563637781342,2909.1846812855115,1253.5514407504354,0.2827326,17.153379712352,-12722.541524752312,tutup,dataset48k/train\tutup\tutup48k-tutup_76.wav.wav
0.01662833,0.13060902,0.017058717,0.13166328,0.10403719815340909,-0.4777023,0.9999833,1.4776856,0.0,0.03810031758621335,382.24158,888.68634,1.267368688514757,5.90002700351422,1690.0718110646449,2847.521417791193,1232.8043569653646,0.28242394,17.05249062886354,-12561.503182545446,tutup,dataset48k/train\tutup\tutup48k-tutup_77.wav.wav
0.016750649,0.13066253,0.017072698,0.13173187,0.1041259765625,-0.47754264,0.9999963,1.477539,0.0,0.03829011553898454,382.6399,889.70166,1.2669601055808961,5.88892149454348,1693.3561169046695,2859.756192294034,1233.1271481297051,0.28236294,17.10318676931295,-12589.201367034886,tutup,dataset48k/train\tutup\tutup48k-tutup_78.wav.wav
0.023210356,0.13908733,0.019345285,0.14101066,0.07947887073863637,-0.5453831,0.99998415,1.5453672,0.0,0.0333680862095207,438.44235,722.74677,2.755535246515602,13.085771352972579,1375.8400755693885,2484.8827015269885,1204.0306806697067,0.2935641,15.855813670367022,-9942.948282682233,tutup,dataset48k/train\tutup\tutup48k-tutup_79.wav.wav
0.016597686,0.1305726,0.017049203,0.13162327,0.10395951704545454,-0.47729024,0.9999807,1.477271,0.0,0.037869350519031286,382.00934,888.2799,1.267475672003606,5.90260360380184,1691.0055391169903,2854.372891512784,1233.092610346343,0.282362,17.022658955941882,-12569.377126787518,tutup,dataset48k/train\tutup\tutup48k-tutup_8.wav.wav
0.023251392,0.13904609,0.019333813,0.14097673,0.07956764914772728,-0.5453777,0.9999888,1.5453665,0.0,0.03348514181561768,438.23138,722.8987,2.754628083334382,13.077641639221643,1370.6908003125973,2472.8926225142045,1201.3135145391816,0.29250214,15.818560870712226,-9900.5957710957,tutup,dataset48k/train\tutup\tutup48k-tutup_80.wav.wav
0.023337897,0.13908277,0.019344019,0.14102723,0.07956764914772728,-0.54525536,0.9999971,1.5452524,0.0,0.03358199680224061,438.54535,723.6235,2.75303208897969,13.064344180785561,1376.0438094916815,2486.1061789772725,1203.3872445875286,0.29391688,15.869513701890018,-9944.624380029234,tutup,dataset48k/train\tutup\tutup48k-tutup_81.wav.wav
0.016645532,0.13060822,0.017058505,0.13166465,0.1041259765625,-0.4777822,0.9999855,1.4777677,0.0,0.03803414828144014,382.24957,888.7816,1.2674067740054176,5.898633923474577,1688.9750092165132,2841.8934215198865,1230.7990647406732,0.28246653,17.015814488407422,-12552.254728087983,tutup,dataset48k/train\tutup\tutup48k-tutup_82.wav.wav
0.016095826,0.13051262,0.017033547,0.13150142,0.10440340909090909,-0.47860217,0.9999209,1.478523,0.0,0.0368867046199739,381.3023,885.1897,1.2686216843455664,5.950637426281169,1733.6271294433704,2960.8154296875,1287.9597778266298,0.2836821,17.012808960049817,-12929.34102834081,tutup,dataset48k/train\tutup\tutup48k-tutup_83.wav.wav
0.016732717,0.13065018,0.01706947,0.13171732,0.1041259765625,-0.4774933,0.9999947,1.477488,0.0,0.03830933081917465,382.55545,889.525,1.2670506740414011,5.890560080611593,1694.094063175982,2861.469060724432,1233.9245134328758,0.28244922,17.06915971484758,-12595.425711800683,tutup,dataset48k/train\tutup\tutup48k-tutup_84.wav.wav
0.02331778,0.13909708,0.019347996,0.14103799,0.079833984375,-0.5455323,0.9999947,1.545527,0.0,0.0335699615534395,438.6123,723.5138,2.753514803508551,13.06843655981113,1376.8761330907337,2486.840265447443,1204.695535398578,0.29403785,15.844895701856633,-9951.472131196495,tutup,dataset48k/train\tutup\tutup48k-tutup_85.wav.wav
0.023210356,0.13908733,0.019345285,0.14101066,0.07947887073863637,-0.5453831,0.99998415,1.5453672,0.0,0.0333680862095207,438.44235,722.74677,2.755535246515602,13.085771352972579,1375.8400755693885,2484.8827015269885,1204.0306806697067,0.2935641,15.855813670367022,-9942.948282682233,tutup,dataset48k/train\tutup\tutup48k-tutup_86.wav.wav
0.01661017,0.13061,0.017058972,0.13166195,0.10430353338068182,-0.47742692,0.99998176,1.4774086,0.0,0.03813112108036876,382.23386,888.6139,1.2674938641521865,5.902074574076774,1705.8103740031193,2905.0248579545455,1250.1722548283049,0.28252026,17.078800922171652,-12694.292083616274,tutup,dataset48k/train\tutup\tutup48k-tutup_87.wav.wav
0.018651312,0.13512966,0.018260024,0.13641077,0.1024169921875,-0.41872028,0.9999962,1.4187164,0.0,0.05054035549983382,410.30414,889.45184,1.7522177748429948,8.127771296872556,1698.708570630617,2906.2483354048295,1266.4264131466452,0.24061851,17.750778485653953,-12634.354915405183,tutup,dataset48k/train\tutup\tutup48k-tutup_88.wav.wav
0.018610552,0.13510817,0.018254219,0.1363839,0.10232821377840909,-0.41869727,0.9999921,1.4186894,0.0,0.05054013058543205,410.14258,889.0538,1.7527411269882804,8.133374501887875,1699.7137964611882,2904.290771484375,1268.7029599602622,0.24063325,17.84251911580036,-12642.836929940428,tutup,dataset48k/train\tutup\tutup48k-tutup_89.wav.wav
0.016732717,0.13065018,0.01706947,0.13171732,0.1041259765625,-0.4774933,0.9999947,1.477488,0.0,0.03830933081917465,382.55545,889.525,1.2670506740414011,5.890560080611593,1694.094063175982,2861.469060724432,1233.9245134328758,0.28244922,17.06915971484758,-12595.425711800683,tutup,dataset48k/train\tutup\tutup48k-tutup_9.wav.wav
0.020452244,0.1260231,0.015881822,0.12767191,0.08065518465909091,-0.45976874,0.9999946,1.4597633,0.0,0.03301738272421062,359.41754,655.19885,2.895235952610244,13.95019258169322,1431.0673035755046,2611.145574396307,1304.1991615732657,0.2502863,15.703382875111897,-10398.386625150433,tutup,dataset48k/train\tutup\tutup48k-tutup_90.wav.wav
0.01849555,0.13511263,0.018255424,0.13637269,0.10232821377840909,-0.41911516,0.99998003,1.4190952,0.0,0.05018697073683143,410.07507,888.40295,1.7542045795169359,8.148983677145948,1692.2083052230978,2873.459139737216,1260.1735638077746,0.240029,17.761182381638022,-12579.520575573233,tutup,dataset48k/train\tutup\tutup48k-tutup_91.wav.wav
0.02044133,0.12601607,0.015880048,0.12766322,0.08056640625,-0.45978874,0.99999374,1.4597825,0.0,0.03293077414855361,359.36862,655.1019,2.895464010457768,13.951889789595516,1431.7907894236282,2613.592529296875,1304.7848365710324,0.25043422,15.693862074217051,-10404.367269218586,tutup,dataset48k/train\tutup\tutup48k-tutup_92.wav.wav
0.018418046,0.13501507,0.01822907,0.13626553,0.10240589488636363,-0.41890708,0.99997354,1.4188806,0.0,0.04991698078811169,409.4309,887.32214,1.7550996713443094,8.157801242660792,1694.1681926824765,2877.8636585582385,1262.6812457744318,0.23977876,17.793246269011966,-12596.050988648964,tutup,dataset48k/train\tutup\tutup48k-tutup_93.wav.wav
0.018568907,0.13510975,0.018254645,0.1363798,0.10232821377840909,-0.41882265,0.9999877,1.4188104,0.0,0.0504411943256855,410.11786,888.8271,1.7531970160044978,8.138378867745631,1692.8926018540906,2876.3954856178975,1260.5753499419764,0.24038874,17.800541923965678,-12585.291927752993,tutup,dataset48k/train\tutup\tutup48k-tutup_94.wav.wav
0.020474838,0.1260202,0.015881088,0.12767267,0.08056640625,-0.459735,0.9999967,1.4597317,0.0,0.03306678752414882,359.4218,655.3211,2.8947516476163724,13.946092800259493,1430.863931043985,2612.124356356534,1303.6313352678553,0.25037432,15.707573274172265,-10396.705526501337,tutup,dataset48k/train\tutup\tutup48k-tutup_95.wav.wav
0.020415965,0.12601547,0.0158799,0.12765858,0.08065518465909091,-0.4598659,0.9999911,1.459857,0.0,0.03289400623179972,359.34253,654.923,2.8962140387273054,13.957867785386131,1431.7835704950946,2614.0819202769885,1304.9143074119586,0.2504504,15.702659423845743,-10404.307592655703,tutup,dataset48k/train\tutup\tutup48k-tutup_96.wav.wav
0.020437552,0.1259975,0.01587537,0.12764429,0.08056640625,-0.45960137,0.99999356,1.459595,0.0,0.03295426885597408,359.26205,655.0158,2.895475881093535,13.951878671253407,1431.522900150054,2614.0819202769885,1304.727211098507,0.2503655,15.694886058526128,-10402.15273904903,tutup,dataset48k/train\tutup\tutup48k-tutup_97.wav.wav
0.021075124,0.14681783,0.021555474,0.14832273,0.10621226917613637,-0.45899162,0.99998146,1.458973,0.0,0.059731828048825264,485.09195,952.0519,1.9253026019676847,8.360241813073184,1684.6180796884357,2902.3332075639205,1269.8973830087548,0.21512556,18.29964800653886,-12515.523258154672,tutup,dataset48k/train\tutup\tutup48k-tutup_98.wav.wav
0.01924752,0.12277662,0.0150740985,0.12427617,0.08354048295454546,-0.5261553,0.99999815,1.5261534,0.0,0.030413882806897163,340.55267,627.58167,2.9039160083951194,14.749597679630792,1401.8532041268318,2521.831720525568,1287.9134924512452,0.22675647,16.442633912797604,-10157.19798431742,tutup,dataset48k/train\tutup\tutup48k-tutup_99.wav.wav
